4.0874,4.1207,3.8121,3.5058,3.0583,3.3614,3.6036,4.0473,3.5207,3.5686,3.6559,3.5739,3.522,3.2931,2.9651,2.7154,2.3322,2.2132,2.2008,2.2929,2.1364,1.9921,1.8488,1.6919,1.6495,1.6864,1.642,1.5724,1.3909,1.2263,1.1443,1.0827,1.0585,1.1142,1.1888,1.2124,1.1685,1.1245,1.1109,1.1107,1.1423,1.2085,1.2531,1.2563,1.2502,1.2288,1.2195,1.2418,1.2125,1.1608,1.0657,1.0235,0.98991,1.0236,1.0529,1.0989,1.1492,1.168,1.1703,1.1501,1.1329,1.1198,1.1072,1.1139,1.0914,0.72933,0.60872,0.62616,0.60101,0.6691,0.79047,0.91569,0.95183,0.9861,0.84208,0.79111,0.78937,0.80635,0.88247,0.90576,0.94742,0.91578,0.89156,0.89827,0.90201,0.86475,0.83405,0.75156,0.72826,0.69905,0.67246,0.71181,0.72784,0.79021,0.86876,0.89761,0.90227,0.9187,0.93998,0.84859,0.78554,0.73581,0.731,0.7614,0.73156,0.77067,0.73855,0.74195,0.75713,0.73407,0.76476,0.82826,0.88018,0.84246,0.78312,0.75572,0.74128,0.68631,0.71551,0.76157,0.7013,0.6973,0.73154,0.76918,0.78617,0.83885,0.90719,0.87937,0.76303,0.71613,0.73627,0.7699,0.78881,0.84003,0.88304,0.82911,0.82416,0.83219,0.82838,0.85445,0.87128,0.87098,0.88609,0.90907
4.191,4.2202,3.8885,3.5638,3.0865,3.4115,3.671,4.1446,3.584,3.6373,3.7345,3.6516,3.5968,3.3572,3.0114,2.7486,2.3467,2.2284,2.2217,2.3228,2.1571,2.0076,1.8592,1.6974,1.6556,1.6962,1.6515,1.5796,1.3906,1.2206,1.138,1.0772,1.0543,1.1138,1.1921,1.2168,1.1709,1.1256,1.1118,1.112,1.1451,1.2142,1.2603,1.263,1.2564,1.2351,1.2272,1.2515,1.2204,1.1663,1.0682,1.0258,0.99253,1.0286,1.0591,1.1062,1.1583,1.1773,1.179,1.1577,1.1397,1.1263,1.113,1.1197,1.0965,0.72504,0.6039,0.62451,0.60081,0.67128,0.79461,0.92117,0.95665,0.99025,0.84163,0.78975,0.78856,0.80623,0.88394,0.90728,0.94941,0.91663,0.8916,0.89842,0.90265,0.8648,0.8336,0.74986,0.7267,0.69791,0.67177,0.71214,0.72774,0.79123,0.87076,0.8992,0.90325,0.91947,0.94085,0.84753,0.78354,0.73359,0.72979,0.76157,0.73158,0.77129,0.73905,0.74284,0.75848,0.73513,0.76658,0.83112,0.88398,0.85459,0.79142,0.7616,0.74568,0.68915,0.71843,0.76461,0.70299,0.69879,0.73337,0.7712,0.78798,0.84075,0.90916,0.88006,0.76171,0.71457,0.73565,0.7702,0.78946,0.84104,0.88404,0.82886,0.8237,0.83181,0.82795,0.85436,0.87124,0.8707,0.88584,0.90895
3.9183,3.921,3.6069,3.3323,2.9141,3.1942,3.4222,3.8396,3.3432,3.3845,3.4602,3.3729,3.3075,3.1102,2.8092,2.5811,2.2201,2.1196,2.1193,2.2158,2.0639,1.9301,1.7957,1.648,1.6081,1.6443,1.6046,1.5389,1.3655,1.2091,1.1324,1.0757,1.0537,1.108,1.1809,1.2053,1.165,1.1249,1.1128,1.1128,1.1426,1.2059,1.2486,1.2519,1.2466,1.229,1.2237,1.2475,1.2197,1.1707,1.0814,1.0413,1.0094,1.0403,1.0668,1.1089,1.157,1.1754,1.1779,1.1592,1.1429,1.13,1.1164,1.121,1.0995,0.7669,0.65443,0.66709,0.64204,0.70217,0.8119,0.92665,0.96069,0.99274,0.86176,0.81535,0.81286,0.8271,0.89549,0.91686,0.95549,0.92737,0.9053,0.9111,0.915,0.88154,0.85344,0.77859,0.7564,0.72935,0.70491,0.73969,0.75295,0.80919,0.88078,0.90732,0.91229,0.92772,0.94754,0.86515,0.80782,0.76243,0.75772,0.78496,0.75837,0.79371,0.76593,0.7695,0.78341,0.76296,0.79082,0.84834,0.895,0.86944,0.81381,0.78734,0.77287,0.72212,0.74763,0.7885,0.73367,0.72953,0.75979,0.79315,0.80804,0.8551,0.91641,0.89125,0.78642,0.74415,0.76212,0.79224,0.80924,0.85524,0.89386,0.84532,0.8407,0.8478,0.84433,0.86775,0.88296,0.88279,0.89643,0.91717
3.8849,3.8922,3.5854,3.3334,2.926,3.1977,3.4193,3.8255,3.3382,3.3737,3.4396,3.3439,3.2678,3.0787,2.7867,2.5645,2.2087,2.1112,2.1129,2.2108,2.0597,1.9267,1.7928,1.6453,1.6054,1.6419,1.6025,1.5368,1.3632,1.2063,1.1293,1.0725,1.0505,1.1052,1.1786,1.2032,1.1629,1.1228,1.1107,1.1109,1.1411,1.2052,1.2485,1.252,1.2469,1.2296,1.2247,1.2489,1.2204,1.1707,1.0807,1.0404,1.0088,1.0405,1.0676,1.1099,1.1583,1.1768,1.1791,1.1603,1.1439,1.1309,1.1174,1.1223,1.1009,0.7666,0.65339,0.66605,0.64073,0.70133,0.81177,0.92694,0.96078,0.99297,0.86126,0.81448,0.81198,0.82643,0.89545,0.91714,0.95603,0.92765,0.90537,0.91107,0.91506,0.8815,0.85322,0.77794,0.75539,0.72818,0.70372,0.73876,0.752,0.80841,0.88028,0.90691,0.91201,0.92756,0.9476,0.86489,0.80737,0.76176,0.75703,0.78447,0.75781,0.79326,0.7651,0.76854,0.78251,0.76206,0.79022,0.84771,0.90033,0.87422,0.81752,0.79006,0.77469,0.72316,0.74804,0.78852,0.73347,0.72913,0.75927,0.79259,0.80752,0.85464,0.91607,0.89114,0.78651,0.74414,0.76185,0.79176,0.80865,0.85462,0.8933,0.84496,0.84037,0.84744,0.84395,0.86732,0.88252,0.8824,0.89604,0.91678
3.5772,3.5911,3.3369,3.0896,2.7301,2.9815,3.1867,3.5577,3.1369,3.1818,3.26,3.1986,3.1625,2.9853,2.7178,2.5073,2.1834,2.083,2.0718,2.1492,2.0134,1.8928,1.7707,1.6346,1.593,1.6196,1.5817,1.5216,1.3651,1.2206,1.1447,1.0864,1.06,1.105,1.1701,1.1938,1.1596,1.1245,1.1134,1.1126,1.1386,1.1958,1.2359,1.2412,1.2383,1.2229,1.2175,1.2383,1.2146,1.1714,1.0904,1.0512,1.0178,1.0411,1.0629,1.1012,1.146,1.1651,1.17,1.1551,1.1412,1.1294,1.1165,1.1192,1.0986,0.79641,0.68484,0.68469,0.65233,0.70085,0.80076,0.91051,0.94826,0.98334,0.86937,0.82737,0.82279,0.83314,0.89402,0.91457,0.95192,0.92884,0.90983,0.91503,0.91785,0.88689,0.86045,0.79079,0.76775,0.73944,0.71343,0.7425,0.75402,0.8063,0.87412,0.90224,0.91037,0.92702,0.94692,0.87329,0.8198,0.77563,0.7675,0.78909,0.76327,0.79495,0.77021,0.77347,0.78614,0.76759,0.79291,0.84601,0.89159,0.8673,0.818,0.79379,0.77945,0.73104,0.75258,0.78962,0.73928,0.73483,0.76224,0.79321,0.80778,0.85257,0.91139,0.89105,0.796,0.75585,0.77008,0.79599,0.81106,0.8541,0.8914,0.84854,0.84464,0.85113,0.84786,0.8693,0.88379,0.88448,0.89762,0.9173
3.6575,3.6563,3.3915,3.1799,2.8298,3.0544,3.2424,3.5917,3.178,3.208,3.2618,3.1764,3.106,2.9429,2.6897,2.4927,2.1748,2.0804,2.0747,2.1577,2.0217,1.9003,1.7766,1.6384,1.5959,1.6243,1.5862,1.5247,1.3647,1.217,1.1395,1.0804,1.0545,1.1009,1.1675,1.1914,1.156,1.1198,1.1085,1.1079,1.1353,1.1952,1.2372,1.2428,1.24,1.2251,1.2206,1.2428,1.2171,1.1714,1.0872,1.0469,1.0145,1.0411,1.0654,1.1045,1.1504,1.1694,1.1735,1.1577,1.1431,1.1309,1.1182,1.1221,1.1018,0.79117,0.6778,0.67963,0.6477,0.69883,0.80149,0.91238,0.94866,0.98353,0.86553,0.82195,0.8177,0.82923,0.89282,0.9144,0.95262,0.92821,0.90833,0.9134,0.9166,0.8851,0.85809,0.78668,0.76289,0.73439,0.70857,0.73909,0.75172,0.80467,0.87307,0.90084,0.90857,0.92529,0.94567,0.86984,0.81561,0.77095,0.7634,0.78639,0.76038,0.79321,0.76659,0.76924,0.78215,0.76331,0.7897,0.84267,0.89912,0.87667,0.82475,0.79832,0.78206,0.73162,0.75206,0.78852,0.73713,0.73215,0.75946,0.79053,0.80518,0.85037,0.90982,0.88956,0.7939,0.75329,0.76736,0.79322,0.80824,0.85158,0.88928,0.84627,0.84238,0.8489,0.84558,0.86713,0.88172,0.88247,0.89575,0.9156
3.8926,3.909,3.6157,3.3547,2.9534,3.2218,3.4441,3.8502,3.3698,3.408,3.4791,3.3901,3.3222,3.1251,2.8297,2.6041,2.2485,2.1426,2.1356,2.2259,2.0777,1.9438,1.8095,1.6614,1.6198,1.6535,1.613,1.5472,1.3749,1.218,1.139,1.0791,1.0544,1.1069,1.1788,1.203,1.1631,1.123,1.1108,1.1106,1.1406,1.2037,1.2469,1.251,1.2462,1.2277,1.2207,1.2429,1.2152,1.1664,1.077,1.0363,1.0032,1.0335,1.0595,1.1024,1.1507,1.1697,1.1729,1.1547,1.1387,1.1265,1.1136,1.1187,1.097,0.75915,0.64268,0.65354,0.62621,0.68692,0.79959,0.91796,0.95397,0.9879,0.85557,0.8081,0.80519,0.81958,0.88957,0.91176,0.9515,0.92315,0.90086,0.90681,0.91036,0.8759,0.84702,0.7701,0.74693,0.71844,0.69258,0.72776,0.7413,0.79908,0.87266,0.90113,0.9075,0.92402,0.94455,0.86062,0.80163,0.75443,0.74854,0.77554,0.74773,0.78351,0.75481,0.75819,0.77227,0.75121,0.77962,0.83853,0.88651,0.85905,0.80327,0.77669,0.76193,0.70969,0.73542,0.77728,0.72121,0.71693,0.74806,0.78257,0.7983,0.84718,0.91086,0.88599,0.77901,0.73529,0.75304,0.78342,0.80065,0.84804,0.88818,0.83897,0.83441,0.84173,0.83817,0.86215,0.87784,0.87786,0.89198,0.91337
4.0859,4.0825,3.7685,3.4779,3.0594,3.3284,3.5508,3.9636,3.4712,3.5094,3.581,3.4898,3.4248,3.2168,2.9113,2.677,2.3112,2.1967,2.1834,2.2708,2.1204,1.9817,1.8431,1.6906,1.647,1.6799,1.6366,1.5687,1.3928,1.2321,1.1499,1.087,1.0603,1.1125,1.1847,1.2087,1.1678,1.1262,1.1133,1.1128,1.143,1.2068,1.2506,1.2549,1.2499,1.2296,1.2205,1.2415,1.2135,1.164,1.0723,1.0308,0.99642,1.0267,1.0532,1.0977,1.1468,1.1662,1.1698,1.1513,1.1351,1.1227,1.1101,1.1158,1.0937,0.74507,0.62455,0.63581,0.60744,0.67033,0.78724,0.91012,0.94791,0.98331,0.84685,0.79767,0.79464,0.80968,0.88227,0.90528,0.94639,0.91712,0.89423,0.90059,0.90394,0.86801,0.83809,0.75821,0.7344,0.70463,0.67747,0.71386,0.72797,0.78818,0.86485,0.89491,0.90176,0.91906,0.94031,0.85329,0.79188,0.74263,0.73613,0.76379,0.73452,0.77144,0.74147,0.74484,0.75931,0.7372,0.76647,0.82743,0.87801,0.84357,0.78686,0.7603,0.74582,0.69203,0.71934,0.76342,0.70526,0.70105,0.73379,0.77009,0.78676,0.83807,0.90485,0.87913,0.76754,0.72187,0.74041,0.77214,0.79017,0.83979,0.8819,0.8306,0.82595,0.83368,0.83,0.85512,0.87156,0.87162,0.88644,0.90885
3.9739,3.974,3.6876,3.4484,3.063,3.2977,3.4939,3.865,3.4144,3.442,3.4951,3.3977,3.3127,3.1254,2.8484,2.6347,2.2931,2.1823,2.1668,2.2485,2.1068,1.9734,1.8391,1.6901,1.6446,1.6738,1.631,1.5646,1.3947,1.2375,1.1545,1.0899,1.0614,1.1096,1.1781,1.2009,1.1613,1.1209,1.1079,1.107,1.1365,1.1992,1.2429,1.2483,1.2444,1.2252,1.2164,1.237,1.2097,1.1608,1.0703,1.0283,0.99429,1.0239,1.0506,1.0939,1.1421,1.1614,1.1651,1.1473,1.1316,1.1196,1.1078,1.114,1.0928,0.75103,0.62976,0.63766,0.60689,0.66733,0.78237,0.90356,0.94109,0.97747,0.84506,0.79635,0.79286,0.80756,0.87956,0.90325,0.94451,0.91614,0.89385,0.89986,0.90302,0.86769,0.83808,0.75886,0.73409,0.70366,0.67605,0.7114,0.72533,0.78499,0.86103,0.89122,0.89849,0.91615,0.93793,0.85292,0.7926,0.74352,0.73613,0.76277,0.73367,0.76974,0.73925,0.74181,0.75579,0.73406,0.76309,0.82362,0.87297,0.84392,0.78916,0.76278,0.74749,0.69347,0.71853,0.76085,0.70394,0.69929,0.73088,0.76642,0.7832,0.83414,0.90074,0.87738,0.76942,0.72413,0.74079,0.7706,0.78777,0.83656,0.87869,0.82976,0.82545,0.83297,0.82932,0.85372,0.87003,0.87058,0.88537,0.90756
3.8008,3.7962,3.5194,3.2673,2.8943,3.1338,3.3328,3.7023,3.2687,3.305,3.3712,3.2929,3.2347,3.0526,2.78,2.5693,2.2374,2.1315,2.1174,2.1958,2.0576,1.9313,1.8037,1.6618,1.6181,1.6455,1.6052,1.5422,1.3799,1.2299,1.1506,1.0891,1.0613,1.1073,1.1737,1.197,1.1606,1.1233,1.1114,1.1105,1.138,1.1973,1.239,1.2444,1.2412,1.224,1.2168,1.2371,1.212,1.1666,1.0818,1.0415,1.0076,1.0333,1.0567,1.0973,1.1434,1.1627,1.1673,1.1513,1.1368,1.1251,1.1126,1.1168,1.096,0.77708,0.66113,0.66391,0.63189,0.68514,0.79139,0.90617,0.94413,0.97995,0.85843,0.81366,0.80948,0.82159,0.88707,0.90895,0.94798,0.92278,0.90246,0.90805,0.91095,0.8781,0.85031,0.7766,0.75281,0.72346,0.69659,0.72813,0.74045,0.79576,0.86724,0.8965,0.90447,0.92169,0.94247,0.8642,0.80776,0.76141,0.75339,0.77688,0.74954,0.78292,0.75587,0.75884,0.77202,0.7521,0.77888,0.835,0.88256,0.8543,0.80311,0.77834,0.76388,0.7133,0.73648,0.77589,0.72285,0.71837,0.74761,0.78057,0.79613,0.8436,0.90582,0.88428,0.78377,0.74143,0.75668,0.78423,0.80018,0.84568,0.88508,0.83967,0.83563,0.84258,0.83916,0.86187,0.87714,0.87779,0.89166,0.91244
3.6839,3.7091,3.4541,3.2458,2.8873,3.1255,3.3223,3.6844,3.2563,3.2875,3.3438,3.2565,3.1805,3.0072,2.744,2.5399,2.2127,2.1125,2.1037,2.1869,2.0484,1.9226,1.795,1.6528,1.6096,1.6391,1.5996,1.5363,1.3722,1.2207,1.1413,1.0804,1.054,1.1018,1.1699,1.1937,1.1565,1.1186,1.1067,1.1062,1.1348,1.1964,1.2394,1.2449,1.2416,1.225,1.2192,1.241,1.2144,1.167,1.0799,1.0389,1.006,1.0343,1.0599,1.1009,1.1481,1.1673,1.1712,1.1544,1.1393,1.1272,1.1147,1.1196,1.0988,0.77443,0.65766,0.6622,0.63074,0.68603,0.79429,0.9099,0.9468,0.98235,0.85786,0.8121,0.80825,0.82115,0.8884,0.91083,0.95037,0.92417,0.90317,0.90859,0.91182,0.87863,0.85045,0.77563,0.75139,0.72211,0.69558,0.72824,0.74147,0.79737,0.86913,0.89786,0.90537,0.92247,0.94345,0.86359,0.80672,0.76018,0.75277,0.7774,0.75005,0.78433,0.756,0.7588,0.77228,0.75225,0.77993,0.83607,0.89077,0.86768,0.81375,0.78669,0.77032,0.71796,0.74007,0.77877,0.72487,0.71994,0.749,0.78192,0.79741,0.84496,0.90729,0.88564,0.78482,0.74226,0.75741,0.78491,0.80079,0.84633,0.88578,0.84027,0.83618,0.84309,0.83961,0.8623,0.87755,0.87817,0.89202,0.91279
3.7178,3.7304,3.4728,3.2675,2.9224,3.1426,3.3298,3.6784,3.2632,3.2893,3.3368,3.2432,3.1654,2.9977,2.7413,2.5421,2.2203,2.1196,2.1085,2.1886,2.0526,1.9279,1.8012,1.6598,1.6156,1.643,1.603,1.54,1.3776,1.227,1.1469,1.0847,1.0568,1.1028,1.1695,1.1931,1.1568,1.1194,1.1076,1.1068,1.1348,1.1955,1.2382,1.2441,1.2412,1.2247,1.2183,1.2393,1.2132,1.1666,1.0804,1.0394,1.006,1.0331,1.0579,1.0986,1.1453,1.1647,1.1691,1.1529,1.1381,1.1262,1.1139,1.1187,1.0981,0.77673,0.65941,0.66197,0.62922,0.68303,0.7904,0.90582,0.94342,0.9796,0.85713,0.81168,0.80739,0.81981,0.88639,0.90896,0.94858,0.92303,0.90242,0.90782,0.91086,0.87788,0.8498,0.77535,0.75082,0.72109,0.69411,0.72604,0.7389,0.79453,0.86616,0.89545,0.9036,0.92106,0.9422,0.86328,0.80663,0.75994,0.75185,0.77567,0.74824,0.78202,0.75401,0.75667,0.7699,0.74998,0.77728,0.8336,0.88486,0.86312,0.81047,0.78408,0.76798,0.71588,0.73764,0.7761,0.72264,0.71767,0.74651,0.7793,0.79487,0.84243,0.90488,0.88393,0.784,0.7415,0.75618,0.78318,0.79885,0.84428,0.88386,0.83897,0.83501,0.84189,0.83844,0.86099,0.87625,0.87704,0.89094,0.91172
3.9853,3.9608,3.6473,3.3939,3.0033,3.24,3.4404,3.8179,3.3567,3.3827,3.4343,3.3306,3.2497,3.0672,2.7893,2.5761,2.2327,2.1306,2.1244,2.2133,2.0694,1.9383,1.8063,1.6602,1.6181,1.65,1.6097,1.5446,1.3754,1.221,1.1423,1.0823,1.0572,1.1077,1.1775,1.2009,1.1619,1.1226,1.1104,1.11,1.1392,1.2011,1.2437,1.248,1.2436,1.2256,1.2188,1.2407,1.2137,1.1657,1.0775,1.0373,1.0048,1.0344,1.06,1.102,1.1492,1.1678,1.1709,1.1531,1.1374,1.1252,1.1126,1.1179,1.0969,0.76628,0.65147,0.66112,0.63377,0.69282,0.80288,0.91827,0.9531,0.98644,0.85734,0.81058,0.80745,0.82155,0.89027,0.91243,0.95155,0.92388,0.90211,0.90784,0.91137,0.87782,0.84959,0.77429,0.75117,0.72299,0.69758,0.73183,0.74492,0.80118,0.87297,0.90094,0.90741,0.92377,0.94409,0.86227,0.80468,0.75841,0.75242,0.77874,0.75167,0.78655,0.75823,0.76122,0.77476,0.75417,0.78186,0.83941,0.88713,0.85695,0.8037,0.77847,0.76443,0.71367,0.73869,0.77953,0.72505,0.72079,0.75098,0.78458,0.79998,0.84779,0.9102,0.88643,0.78244,0.73968,0.75662,0.78593,0.80267,0.84896,0.88836,0.84071,0.83633,0.84345,0.83999,0.86336,0.87877,0.87897,0.89286,0.91384
3.959,4.0014,3.6994,3.3963,2.957,3.268,3.5173,3.9669,3.4416,3.4934,3.5867,3.5096,3.4631,3.2438,2.9175,2.6669,2.2858,2.1729,2.1655,2.2601,2.1031,1.9624,1.8223,1.6692,1.6287,1.6658,1.6236,1.5558,1.3771,1.216,1.1371,1.0785,1.0557,1.1116,1.1861,1.2103,1.1679,1.1257,1.1128,1.1128,1.1436,1.2084,1.252,1.255,1.249,1.2292,1.2217,1.2448,1.2163,1.166,1.0738,1.033,0.99996,1.0321,1.0597,1.1041,1.1535,1.1721,1.1745,1.155,1.1382,1.1252,1.1119,1.1173,1.095,0.74655,0.63037,0.64616,0.62164,0.68618,0.80208,0.92256,0.95788,0.99083,0.85255,0.80389,0.80189,0.81748,0.88968,0.91175,0.95182,0.92182,0.89859,0.90497,0.90879,0.87327,0.84382,0.76509,0.74269,0.71475,0.68931,0.72645,0.7407,0.80051,0.87594,0.90362,0.90826,0.92404,0.94446,0.85727,0.79681,0.74923,0.74466,0.77362,0.74534,0.78256,0.75306,0.75684,0.77149,0.74964,0.77889,0.83931,0.88943,0.85405,0.79647,0.76988,0.75598,0.70346,0.73159,0.77564,0.71788,0.71401,0.74662,0.78234,0.79826,0.8482,0.91304,0.88593,0.77443,0.7298,0.74937,0.78175,0.7999,0.84869,0.88949,0.83765,0.83279,0.8404,0.83675,0.86166,0.87768,0.87731,0.89167,0.91356
3.9238,3.9121,3.6108,3.3689,2.9907,3.2233,3.4197,3.7895,3.3365,3.361,3.4086,3.3045,3.2241,3.0447,2.7718,2.5621,2.2238,2.1223,2.1153,2.2024,2.0609,1.9313,1.8007,1.6563,1.6144,1.6458,1.6053,1.5409,1.3738,1.2211,1.1429,1.0835,1.0587,1.1085,1.1773,1.2005,1.1618,1.1227,1.1104,1.1099,1.1386,1.1998,1.2418,1.246,1.2415,1.2235,1.2164,1.2378,1.2112,1.1638,1.0763,1.0359,1.0036,1.0328,1.0588,1.1004,1.147,1.1654,1.1685,1.1508,1.1352,1.1227,1.1103,1.1156,1.0948,0.76723,0.65324,0.66261,0.63537,0.69398,0.8034,0.91808,0.95274,0.98597,0.85799,0.81152,0.80835,0.82235,0.89061,0.91268,0.95154,0.92409,0.90252,0.90821,0.91166,0.87834,0.85033,0.77552,0.75253,0.72445,0.69913,0.73314,0.74672,0.803,0.87448,0.90195,0.90786,0.92386,0.94401,0.8627,0.80557,0.75963,0.75362,0.77974,0.75286,0.78771,0.7593,0.76224,0.77567,0.75519,0.78266,0.8398,0.88837,0.85384,0.8018,0.77742,0.76401,0.71394,0.73909,0.77995,0.72597,0.72184,0.75193,0.7854,0.80079,0.84841,0.91058,0.88704,0.78368,0.7411,0.75786,0.78696,0.8036,0.84969,0.88895,0.84163,0.83728,0.84437,0.84091,0.86416,0.87951,0.87973,0.89356,0.91445
4.2291,4.2215,3.8793,3.6002,3.1518,3.4273,3.6539,4.0804,3.5533,3.5854,3.6485,3.5391,3.4439,3.234,2.9215,2.6843,2.3057,2.1962,2.193,2.2938,2.1358,1.9911,1.8466,1.6884,1.6461,1.6851,1.6416,1.5709,1.3864,1.2197,1.1379,1.0772,1.0543,1.1118,1.1878,1.2116,1.1667,1.1222,1.1086,1.1087,1.1414,1.2094,1.2549,1.258,1.2518,1.2313,1.2238,1.248,1.2172,1.1636,1.0667,1.0247,0.99256,1.0288,1.0595,1.1055,1.1563,1.1746,1.176,1.1549,1.1371,1.1239,1.1111,1.1184,1.0962,0.73228,0.61305,0.63301,0.60979,0.67933,0.80044,0.92354,0.95689,0.9895,0.84371,0.79228,0.79098,0.80874,0.88568,0.9092,0.95063,0.91819,0.8935,0.89996,0.90425,0.86743,0.83691,0.75479,0.73154,0.70319,0.67782,0.71758,0.73272,0.79463,0.87219,0.89982,0.90377,0.9197,0.94087,0.8496,0.78719,0.73833,0.73463,0.76604,0.737,0.77584,0.74356,0.74671,0.76173,0.73889,0.76972,0.83304,0.88271,0.8554,0.79481,0.76616,0.75065,0.69547,0.72358,0.76835,0.70842,0.70413,0.73755,0.77429,0.79071,0.84223,0.90914,0.8814,0.76665,0.72059,0.7406,0.77382,0.79244,0.84269,0.88479,0.83151,0.82655,0.83441,0.83065,0.8563,0.87282,0.87246,0.88729,0.90988
3.7901,3.8028,3.5145,3.2285,2.8173,3.1036,3.3337,3.7497,3.2718,3.3243,3.4171,3.3547,3.3198,3.1173,2.8171,2.5836,2.2285,2.1231,2.1161,2.2047,2.0563,1.9253,1.7937,1.6484,1.6077,1.6409,1.6013,1.5371,1.3679,1.2138,1.1362,1.0782,1.0542,1.1059,1.177,1.2015,1.1628,1.1238,1.1119,1.1117,1.1407,1.203,1.2456,1.2498,1.2454,1.2282,1.2227,1.2457,1.2189,1.1712,1.0835,1.0431,1.01,1.0387,1.064,1.1056,1.1535,1.1725,1.1761,1.1586,1.143,1.1304,1.117,1.121,1.0993,0.77139,0.65668,0.66466,0.63599,0.69298,0.80157,0.91733,0.95396,0.98819,0.86105,0.81548,0.81228,0.82536,0.89237,0.9138,0.95275,0.92596,0.90461,0.91031,0.91377,0.88036,0.8522,0.77753,0.75456,0.72637,0.70063,0.73399,0.74688,0.80335,0.87525,0.9031,0.90945,0.92569,0.94602,0.86519,0.80801,0.76198,0.75575,0.78133,0.7542,0.78886,0.76153,0.76509,0.77897,0.7588,0.78648,0.84385,0.89388,0.86914,0.81378,0.78678,0.77136,0.7198,0.74392,0.78396,0.72944,0.725,0.75486,0.78812,0.80333,0.8507,0.91253,0.88879,0.78548,0.74301,0.75983,0.78893,0.8055,0.85137,0.89036,0.84299,0.83859,0.84562,0.84215,0.86531,0.88055,0.88069,0.89442,0.91519
4.0552,4.0639,3.7517,3.4838,3.0643,3.3354,3.5586,3.972,3.4727,3.507,3.5724,3.4726,3.391,3.1882,2.8846,2.654,2.2875,2.1781,2.1709,2.2644,2.1121,1.9728,1.8335,1.6802,1.6376,1.6734,1.6309,1.5625,1.3842,1.2222,1.1409,1.0796,1.0549,1.1095,1.1834,1.2076,1.1655,1.1233,1.1103,1.1102,1.1414,1.2069,1.2514,1.2552,1.2498,1.2299,1.222,1.2445,1.2153,1.1642,1.0708,1.0293,0.99615,1.0289,1.0571,1.1018,1.1517,1.1706,1.1732,1.1538,1.137,1.1243,1.1115,1.1176,1.0957,0.74315,0.62376,0.6382,0.61194,0.67708,0.79501,0.91733,0.95315,0.98726,0.84788,0.7981,0.79572,0.81167,0.88551,0.90861,0.94963,0.91929,0.89576,0.90204,0.90581,0.86981,0.83981,0.75958,0.73602,0.70702,0.6808,0.71831,0.73256,0.79292,0.86984,0.89868,0.90417,0.92082,0.94197,0.8539,0.7925,0.74372,0.73838,0.76738,0.73847,0.77588,0.74533,0.74864,0.76329,0.74112,0.7709,0.83245,0.88139,0.85404,0.79559,0.76783,0.75256,0.69823,0.72531,0.76905,0.7105,0.70616,0.7388,0.77489,0.79126,0.84216,0.90836,0.88203,0.77017,0.72471,0.74361,0.7756,0.79367,0.84306,0.88475,0.83312,0.82836,0.83605,0.83234,0.85741,0.87371,0.87359,0.88825,0.9105
4.021,4.0565,3.7619,3.5231,3.1242,3.3857,3.6049,4.0093,3.5161,3.5416,3.5923,3.4767,3.3837,3.1844,2.8868,2.6602,2.2961,2.1862,2.178,2.2711,2.12,1.98,1.8399,1.6857,1.643,1.6784,1.6353,1.5664,1.3874,1.2244,1.1423,1.0799,1.0545,1.1093,1.1835,1.2076,1.1651,1.1224,1.1092,1.1091,1.1407,1.2066,1.2513,1.2551,1.2496,1.2288,1.2199,1.2417,1.2122,1.1605,1.0661,1.0244,0.99115,1.0246,1.0531,1.0987,1.1489,1.1678,1.1703,1.1505,1.1336,1.121,1.1084,1.1153,1.0934,0.7352,0.6143,0.62999,0.60414,0.67147,0.79222,0.91663,0.95247,0.98674,0.84441,0.7934,0.79105,0.80771,0.88342,0.9071,0.94874,0.91752,0.89345,0.89987,0.90362,0.8669,0.83639,0.75462,0.73077,0.70136,0.67487,0.7135,0.72821,0.78979,0.86772,0.89724,0.90309,0.92003,0.94135,0.85131,0.78862,0.73888,0.73351,0.76326,0.73381,0.77198,0.74054,0.74372,0.75853,0.73578,0.76608,0.82877,0.87897,0.84722,0.78854,0.76102,0.7461,0.69116,0.71922,0.76418,0.70457,0.70032,0.73384,0.77084,0.78766,0.83972,0.90737,0.88042,0.7661,0.71968,0.73905,0.7718,0.79028,0.84078,0.88338,0.83059,0.82575,0.83362,0.82984,0.85545,0.87208,0.87192,0.88687,0.90956
4.0273,4.0247,3.7095,3.4161,2.9934,3.2688,3.4955,3.9136,3.4172,3.4592,3.537,3.4518,3.3928,3.1847,2.8783,2.6433,2.2782,2.1677,2.1584,2.2487,2.0978,1.9607,1.8237,1.673,1.631,1.6652,1.6233,1.5564,1.3817,1.223,1.1431,1.0827,1.0579,1.1108,1.1831,1.207,1.1662,1.1251,1.1124,1.1121,1.1422,1.2057,1.249,1.2528,1.2477,1.2283,1.2206,1.2426,1.2148,1.1657,1.0751,1.0343,1.0009,1.0314,1.0579,1.1015,1.1501,1.169,1.1721,1.1535,1.1373,1.1248,1.1119,1.1172,1.0954,0.75287,0.63572,0.64789,0.62109,0.68311,0.79725,0.91685,0.95297,0.98691,0.85241,0.80432,0.80163,0.81648,0.8875,0.90981,0.94986,0.92094,0.89834,0.90451,0.90806,0.87306,0.84386,0.76594,0.74288,0.71428,0.68825,0.7241,0.7379,0.79652,0.87103,0.89972,0.90583,0.92237,0.943,0.8577,0.79789,0.75021,0.74452,0.77212,0.74388,0.78019,0.75101,0.75444,0.7687,0.7472,0.77593,0.83554,0.88504,0.85169,0.79576,0.76959,0.75544,0.7031,0.72994,0.77293,0.71613,0.71203,0.74388,0.77908,0.79507,0.84473,0.90937,0.8838,0.77478,0.73044,0.74882,0.77999,0.79763,0.84584,0.88658,0.8363,0.83166,0.83915,0.83556,0.86002,0.87598,0.87593,0.89027,0.91203
3.9902,4.018,3.7185,3.4327,2.9921,3.2903,3.5298,3.9667,3.4538,3.5036,3.5938,3.5184,3.4595,3.2406,2.9215,2.6786,2.3031,2.1898,2.1813,2.2755,2.1194,1.9781,1.8368,1.6814,1.6389,1.676,1.6334,1.5645,1.3837,1.2192,1.137,1.0754,1.0511,1.1069,1.1822,1.2069,1.1637,1.1206,1.1075,1.1076,1.1397,1.2072,1.2529,1.2569,1.2516,1.2319,1.2247,1.2485,1.2185,1.1661,1.0706,1.0284,0.99499,1.029,1.0582,1.1038,1.155,1.1743,1.1768,1.157,1.1399,1.1271,1.1141,1.1204,1.0978,0.73815,0.61633,0.63118,0.60392,0.67005,0.79013,0.91497,0.95172,0.98688,0.84487,0.79445,0.7924,0.80872,0.88404,0.90749,0.94937,0.91843,0.89443,0.90079,0.90466,0.8678,0.83711,0.75506,0.731,0.70146,0.67465,0.71293,0.72751,0.78963,0.86801,0.89727,0.90284,0.9198,0.94151,0.85169,0.78917,0.73947,0.73416,0.76383,0.73412,0.77228,0.74087,0.74428,0.75949,0.73699,0.76786,0.82927,0.89045,0.86191,0.80018,0.76998,0.7528,0.69619,0.72272,0.76656,0.70659,0.70191,0.73496,0.77165,0.78836,0.84021,0.90765,0.88107,0.76747,0.72113,0.74009,0.7724,0.79064,0.84082,0.88325,0.8309,0.82608,0.83386,0.83006,0.85547,0.87201,0.8719,0.88679,0.90938
4.1233,4.1666,3.8539,3.6017,3.1829,3.4578,3.6891,4.1153,3.5911,3.6162,3.6674,3.5423,3.4449,3.2364,2.9247,2.6886,2.3092,2.1985,2.1938,2.2933,2.1361,1.9912,1.8469,1.689,1.6472,1.6854,1.6417,1.5711,1.387,1.2211,1.1397,1.0786,1.0551,1.1126,1.1887,1.2127,1.1683,1.1242,1.1108,1.1109,1.1432,1.2101,1.255,1.2578,1.2514,1.2299,1.2211,1.2438,1.2135,1.1608,1.0649,1.0235,0.99095,1.0263,1.0558,1.102,1.1524,1.1708,1.1725,1.1516,1.1339,1.121,1.1082,1.1155,1.0933,0.72939,0.61059,0.63101,0.60856,0.67878,0.80063,0.92451,0.95827,0.99061,0.84429,0.79264,0.79113,0.80885,0.88579,0.90919,0.95053,0.91804,0.89332,0.89995,0.90408,0.86711,0.83657,0.75447,0.73158,0.70326,0.67787,0.71785,0.73294,0.7948,0.87253,0.90076,0.90517,0.92122,0.94204,0.85028,0.78732,0.73817,0.73433,0.76569,0.73656,0.77548,0.7437,0.74706,0.76202,0.73894,0.76947,0.83242,0.88368,0.84427,0.7854,0.75871,0.74509,0.69112,0.72097,0.76712,0.70707,0.70324,0.73738,0.77465,0.79119,0.84312,0.91044,0.88187,0.76551,0.71917,0.73991,0.77391,0.7929,0.84371,0.88607,0.83183,0.82678,0.83477,0.83098,0.85697,0.87361,0.8731,0.88801,0.91076
3.7669,3.781,3.5085,3.2758,2.9086,3.1539,3.3566,3.7293,3.2883,3.32,3.3779,3.2873,3.2172,3.0385,2.7659,2.5564,2.2215,2.1192,2.1098,2.1933,2.053,1.9258,1.7973,1.6547,1.6123,1.6421,1.6022,1.5387,1.3738,1.2223,1.1437,1.0834,1.0571,1.1056,1.1741,1.1981,1.161,1.1231,1.1113,1.1108,1.139,1.1996,1.2417,1.2466,1.2428,1.2254,1.2185,1.2394,1.2133,1.1668,1.0806,1.0403,1.0069,1.0342,1.0587,1.0998,1.1467,1.1658,1.1698,1.1532,1.1382,1.126,1.1133,1.1178,1.0968,0.77336,0.65777,0.66309,0.63283,0.68844,0.79649,0.91202,0.94916,0.98412,0.85952,0.81397,0.81009,0.82282,0.88946,0.91138,0.95046,0.92433,0.90339,0.909,0.91215,0.87901,0.85099,0.77666,0.7531,0.72419,0.69787,0.73048,0.74318,0.79897,0.8709,0.89967,0.90698,0.92383,0.94436,0.86463,0.80764,0.76123,0.75394,0.77848,0.75125,0.7853,0.75795,0.7611,0.77452,0.75439,0.78157,0.8383,0.88533,0.85963,0.80689,0.78137,0.76666,0.71565,0.7394,0.77925,0.72544,0.72098,0.75059,0.78379,0.79924,0.8468,0.90899,0.8864,0.78438,0.74186,0.75784,0.78616,0.80243,0.84822,0.88753,0.84112,0.83691,0.84391,0.84045,0.86341,0.8787,0.87911,0.89294,0.91375
4.0501,4.0593,3.7282,3.3792,2.9064,3.2395,3.5014,3.9791,3.4319,3.4979,3.6152,3.5565,3.5229,3.3054,2.9609,2.6958,2.2971,2.1833,2.1787,2.2781,2.1136,1.97,1.8272,1.6711,1.6308,1.67,1.6283,1.5594,1.3763,1.2118,1.1323,1.0741,1.0518,1.1098,1.1867,1.212,1.1689,1.1261,1.1134,1.1137,1.1455,1.2123,1.2572,1.2603,1.2545,1.2358,1.2302,1.2554,1.2257,1.1741,1.0805,1.0391,1.0059,1.039,1.0667,1.1113,1.1621,1.1813,1.1837,1.1639,1.1468,1.1339,1.1197,1.1246,1.1016,0.74953,0.63229,0.64787,0.62258,0.68668,0.8024,0.9234,0.95921,0.99256,0.85357,0.80501,0.80307,0.81836,0.89046,0.91244,0.95285,0.92291,0.89955,0.90585,0.90992,0.87432,0.84464,0.76565,0.74298,0.71501,0.68952,0.72653,0.74059,0.79995,0.87512,0.903,0.90826,0.9244,0.94503,0.85762,0.79709,0.74947,0.74506,0.77413,0.74581,0.78318,0.75384,0.75786,0.7728,0.75116,0.78082,0.84108,0.89824,0.86908,0.80814,0.77879,0.76271,0.70862,0.73546,0.77847,0.72025,0.71597,0.74815,0.78348,0.79915,0.84872,0.91315,0.88605,0.77496,0.73051,0.74998,0.78218,0.80019,0.84864,0.88914,0.83749,0.8326,0.84016,0.83651,0.86129,0.87722,0.87684,0.89114,0.91293
4.0815,4.1137,3.7989,3.5464,3.1181,3.3969,3.6293,4.0572,3.5341,3.5642,3.624,3.5091,3.4132,3.2067,2.8966,2.6616,2.2849,2.1781,2.1769,2.2788,2.1211,1.9776,1.8344,1.6775,1.6363,1.6754,1.6331,1.563,1.3793,1.2139,1.1333,1.0734,1.0509,1.1088,1.1851,1.2092,1.1648,1.121,1.1078,1.1082,1.1409,1.2086,1.2538,1.2568,1.2506,1.2304,1.2233,1.2475,1.2168,1.1635,1.0677,1.0263,0.99444,1.0306,1.0603,1.106,1.1566,1.175,1.1763,1.1553,1.1376,1.1249,1.112,1.1191,1.0969,0.73544,0.61748,0.63766,0.61511,0.68445,0.8048,0.92703,0.95998,0.99201,0.84689,0.79584,0.79454,0.81214,0.88843,0.91168,0.95272,0.92044,0.89584,0.90223,0.90656,0.87007,0.8398,0.75848,0.73553,0.7076,0.68265,0.72223,0.73695,0.79788,0.87454,0.90219,0.90655,0.92249,0.94334,0.85266,0.79061,0.74218,0.73863,0.7699,0.74123,0.77973,0.74812,0.75137,0.76629,0.74366,0.77419,0.83683,0.88547,0.85822,0.79802,0.7697,0.75454,0.70001,0.72822,0.7728,0.7133,0.70914,0.74238,0.77881,0.79498,0.84594,0.91209,0.88418,0.77006,0.72445,0.74456,0.77773,0.79626,0.84607,0.88766,0.83456,0.82957,0.83735,0.8336,0.85905,0.87538,0.87493,0.88957,0.9119
3.9804,3.9768,3.65,3.3438,2.8999,3.2033,3.4433,3.8819,3.3664,3.4179,3.5095,3.4353,3.3878,3.1761,2.8597,2.6176,2.2442,2.14,2.1392,2.2374,2.0805,1.9437,1.8066,1.6561,1.6163,1.6538,1.6129,1.5461,1.3691,1.2098,1.1321,1.0755,1.0537,1.1094,1.1841,1.2091,1.1679,1.127,1.1145,1.1145,1.1447,1.2094,1.2529,1.2561,1.2506,1.2327,1.2275,1.252,1.2234,1.1735,1.0825,1.0414,1.009,1.0407,1.068,1.1108,1.16,1.1788,1.1813,1.1623,1.1457,1.1321,1.1182,1.1228,1.1006,0.76198,0.64792,0.66102,0.6355,0.69642,0.80782,0.92478,0.95988,0.99264,0.85954,0.81262,0.8102,0.82451,0.89375,0.91523,0.95447,0.92599,0.90361,0.90956,0.91352,0.87941,0.8508,0.77471,0.7523,0.72487,0.69997,0.73569,0.74996,0.80696,0.87927,0.90595,0.91086,0.92639,0.94644,0.86242,0.80429,0.75829,0.75361,0.78126,0.75414,0.79061,0.76211,0.76575,0.78002,0.75933,0.78777,0.84656,0.89835,0.87142,0.81363,0.78583,0.77052,0.71851,0.74419,0.78554,0.72963,0.72539,0.75616,0.79006,0.80516,0.85293,0.91514,0.88945,0.78285,0.73995,0.75833,0.78902,0.80629,0.85297,0.89212,0.84271,0.83802,0.84524,0.84173,0.86553,0.88094,0.88072,0.89455,0.91559
3.7177,3.7434,3.4793,3.2324,2.8633,3.1198,3.3318,3.7158,3.2713,3.3101,3.38,3.3005,3.2474,3.0604,2.7815,2.5647,2.2266,2.1215,2.1097,2.1908,2.0504,1.9233,1.7952,1.6534,1.6113,1.6403,1.6006,1.5377,1.3739,1.2236,1.1454,1.0853,1.0587,1.1067,1.1748,1.1987,1.1621,1.1246,1.1129,1.1123,1.1401,1.1997,1.2412,1.246,1.2422,1.2247,1.2174,1.2379,1.2124,1.1669,1.082,1.042,1.0082,1.0342,1.0576,1.0984,1.1448,1.1641,1.1685,1.1523,1.1376,1.1258,1.113,1.117,1.0958,0.77508,0.65994,0.6644,0.63383,0.68846,0.79562,0.91099,0.94886,0.98401,0.86083,0.81584,0.81181,0.82407,0.88972,0.91126,0.95008,0.92446,0.90384,0.90951,0.91249,0.8795,0.85164,0.77787,0.75456,0.72565,0.69918,0.73127,0.74395,0.79946,0.87076,0.89981,0.90761,0.92455,0.94485,0.86572,0.80893,0.76263,0.75508,0.77907,0.75185,0.78567,0.75889,0.76224,0.7756,0.75558,0.78242,0.8386,0.88665,0.85534,0.80351,0.77882,0.76487,0.71462,0.73887,0.77906,0.7256,0.72137,0.75109,0.78434,0.79981,0.84731,0.90938,0.88673,0.78479,0.74237,0.75844,0.78682,0.80313,0.84888,0.88811,0.84169,0.83747,0.84448,0.84104,0.86399,0.87926,0.87965,0.89345,0.91422
3.8633,3.8565,3.5505,3.2726,2.8661,3.1403,3.3613,3.7663,3.2902,3.3336,3.4113,3.3331,3.2798,3.0862,2.7931,2.5678,2.2157,2.1144,2.1105,2.2013,2.0534,1.9232,1.792,1.6473,1.6069,1.6403,1.6007,1.5364,1.3672,1.2135,1.1365,1.0792,1.0557,1.1076,1.1788,1.2034,1.165,1.1262,1.1143,1.114,1.1426,1.2045,1.2466,1.2506,1.2459,1.2288,1.2232,1.246,1.2192,1.1718,1.0846,1.0443,1.0115,1.04,1.0654,1.1067,1.1541,1.173,1.1764,1.1589,1.1433,1.1303,1.1168,1.1208,1.0993,0.77405,0.66088,0.66927,0.64153,0.69834,0.80588,0.92029,0.95625,0.98971,0.86335,0.81803,0.81473,0.82769,0.89404,0.91525,0.95377,0.92716,0.90594,0.91161,0.91514,0.88218,0.85437,0.7806,0.75796,0.73021,0.70497,0.73809,0.7515,0.80707,0.87781,0.90504,0.91109,0.92695,0.94684,0.86659,0.81003,0.76462,0.75866,0.78416,0.75756,0.79217,0.76508,0.7687,0.78237,0.76241,0.78964,0.84616,0.89297,0.86892,0.81449,0.78824,0.77349,0.72292,0.74728,0.78719,0.73325,0.72895,0.75856,0.79144,0.80637,0.8531,0.91411,0.89025,0.78766,0.74572,0.76267,0.79173,0.80827,0.85368,0.89216,0.845,0.84058,0.84754,0.84412,0.86711,0.8822,0.88229,0.89586,0.91642
3.8897,3.9324,3.6384,3.3172,2.8729,3.1978,3.4509,3.9073,3.3859,3.4479,3.5566,3.4982,3.464,3.2605,2.928,2.6712,2.2862,2.1708,2.1611,2.2531,2.0957,1.9559,1.8168,1.6646,1.6244,1.6611,1.6193,1.5522,1.3747,1.2143,1.1352,1.0769,1.0539,1.1095,1.184,1.2086,1.1667,1.1248,1.1121,1.1121,1.1429,1.2078,1.2516,1.255,1.2494,1.2301,1.2233,1.2468,1.2184,1.1683,1.0763,1.0352,1.0018,1.0334,1.0608,1.105,1.1546,1.1736,1.1765,1.1573,1.1407,1.1277,1.1142,1.1191,1.0966,0.74985,0.63272,0.64648,0.62029,0.68334,0.7986,0.91951,0.95602,0.98997,0.85333,0.80516,0.80292,0.81791,0.88937,0.91137,0.95159,0.92219,0.89925,0.90553,0.90924,0.87378,0.84429,0.76569,0.74292,0.71457,0.68864,0.72513,0.7396,0.79933,0.87466,0.90269,0.90784,0.92391,0.94449,0.85803,0.79778,0.75005,0.74495,0.77325,0.74481,0.78184,0.75256,0.75644,0.77119,0.74958,0.77889,0.83937,0.88801,0.86131,0.80258,0.77465,0.75941,0.70591,0.73285,0.77605,0.71826,0.71409,0.74631,0.78181,0.79775,0.84762,0.91242,0.88593,0.77537,0.73076,0.74977,0.7816,0.7995,0.84804,0.88881,0.83759,0.8328,0.84034,0.83669,0.86139,0.87736,0.8771,0.89144,0.91325
3.6273,3.6314,3.3676,3.1074,2.7263,2.9871,3.1993,3.5843,3.1508,3.2024,3.2925,3.2403,3.2099,3.0236,2.7474,2.53,2.1982,2.0968,2.0872,2.1683,2.0281,1.9048,1.7797,1.6403,1.598,1.6264,1.5884,1.527,1.3661,1.2177,1.1401,1.0809,1.0546,1.1014,1.1686,1.193,1.1577,1.1216,1.1104,1.1099,1.1374,1.1972,1.2392,1.2449,1.2421,1.2272,1.223,1.2455,1.2204,1.1753,1.0915,1.0515,1.018,1.0432,1.0661,1.1054,1.1519,1.1714,1.1761,1.1606,1.1462,1.1345,1.1211,1.1241,1.1031,0.79232,0.67803,0.67844,0.64517,0.69492,0.79709,0.90912,0.94726,0.98313,0.866,0.82308,0.81876,0.82961,0.89228,0.91339,0.95171,0.92787,0.90827,0.91347,0.91652,0.88478,0.85764,0.78615,0.76243,0.73362,0.70718,0.73709,0.74868,0.80185,0.87125,0.89984,0.90815,0.92534,0.94593,0.87053,0.81597,0.77094,0.76293,0.78532,0.75886,0.79124,0.76555,0.76879,0.78193,0.76311,0.78953,0.84263,0.90107,0.87769,0.82486,0.79789,0.78129,0.73042,0.75095,0.78758,0.73583,0.73083,0.75834,0.78961,0.80434,0.84979,0.90953,0.88908,0.7928,0.75199,0.76622,0.79229,0.80742,0.85099,0.88885,0.84552,0.8416,0.84817,0.84484,0.86652,0.88118,0.8819,0.89523,0.91519
