0,0,0
0.026756,-2.9606e-17,1.1267e-16
0.053512,-1.4803e-17,8.1079e-17
0.080268,-1.4803e-17,8.1079e-17
0.10702,-1.4803e-17,8.1079e-17
0.13378,-1.4803e-17,2.9695e-16
0.16054,-1.4803e-17,1.8378e-16
0.18729,1.4803e-17,8.1079e-17
0.21405,1.4803e-17,1.8378e-16
0.2408,4.4409e-17,1.7878e-16
0.26756,4.4409e-17,3.37e-16
0.29431,2.9606e-17,1.6216e-16
0.32107,-2.9606e-17,2.8408e-16
0.34783,-5.9212e-17,3.2432e-16
0.37458,-5.9212e-17,2.2534e-16
0.40134,-8.8818e-17,3.5756e-16
0.42809,-1.1842e-16,5.0746e-16
0.45485,-1.1842e-16,4.5068e-16
0.48161,-8.8818e-17,5.395e-16
0.50836,-8.8818e-17,5.395e-16
0.53512,-2.0724e-16,7.9726e-16
0.56187,-1.4803e-16,6.6315e-16
0.58863,-2.0724e-16,8.628e-16
0.61538,-1.4803e-16,7.4066e-16
0.64214,-1.4803e-16,7.4066e-16
0.6689,-1.7764e-16,8.2135e-16
0.69565,-1.7764e-16,1.079e-15
0.72241,-1.1842e-16,6.893e-16
0.74916,-1.1842e-16,6.893e-16
0.77592,-1.7764e-16,8.2135e-16
0.80268,-2.0724e-16,9.8084e-16
0.82943,-2.0724e-16,8.3068e-16
0.85619,-2.0724e-16,8.3068e-16
0.88294,-2.6645e-16,1.0207e-15
0.9097,-2.3685e-16,7.3513e-16
0.93645,-2.6645e-16,8.4582e-16
0.96321,-2.6645e-16,8.4582e-16
0.98997,-2.3685e-16,8.0574e-16
1,-2.9606e-16,9.4266e-16
1,0,0
1.0268,2.9606e-17,4.9387e-16
1.0535,-1.1842e-16,7.9896e-16
1.0803,-5.9212e-17,5.6815e-16
1.107,0,6.5972e-16
1.1338,-2.9606e-17,6.7936e-16
1.1605,-1.7764e-16,1.079e-15
1.1873,-1.1842e-16,1.0361e-15
1.214,-1.7764e-16,9.7295e-16
1.2408,0,8.0799e-16
1.2676,-5.9212e-17,8.7065e-16
1.2943,0,1.0431e-15
1.3211,-5.9212e-17,8.7065e-16
1.3478,-1.1842e-16,1.1363e-15
1.3746,-1.7764e-16,1.079e-15
1.4013,-5.9212e-17,1.2761e-15
1.4281,-5.9212e-17,1.0924e-15
1.4548,-2.3685e-16,1.3786e-15
1.4816,-1.7764e-16,1.4264e-15
1.5084,-5.9212e-17,1.2761e-15
1.5351,-1.1842e-16,1.1363e-15
1.5619,-1.1842e-16,1.1363e-15
1.5886,-5.9212e-17,1.2761e-15
1.6154,-5.9212e-17,8.7065e-16
1.6421,-1.7764e-16,1.5716e-15
1.6689,-5.9212e-17,1.2761e-15
1.6957,-5.9212e-17,1.2761e-15
1.7224,0,1.3995e-15
1.7492,0,1.3995e-15
1.7759,0,1.3995e-15
1.8027,0,1.4752e-15
1.8294,0,1.0431e-15
1.8562,-5.9212e-17,1.5104e-15
1.8829,1.1842e-16,1.3943e-15
1.9097,5.9212e-17,1.5808e-15
1.9365,5.9212e-17,1.8356e-15
1.9632,5.9212e-17,2.0591e-15
1.99,0,1.866e-15
2,1.1842e-16,1.8621e-15
2,0,0
2.0268,1.7764e-16,7.1512e-16
2.0535,3.5527e-16,1.269e-15
2.0803,2.9606e-16,9.4266e-16
2.107,4.737e-16,1.3139e-15
2.1338,5.3291e-16,1.4862e-15
2.1605,4.1448e-16,1.5945e-15
2.1873,5.3291e-16,1.6916e-15
2.214,4.737e-16,1.5425e-15
2.2408,5.3291e-16,1.6916e-15
2.2676,5.3291e-16,1.6261e-15
2.2943,6.5133e-16,1.8356e-15
2.3211,5.9212e-16,1.6383e-15
2.3478,5.9212e-16,1.6383e-15
2.3746,5.9212e-16,1.6383e-15
2.4013,6.5133e-16,1.7753e-15
2.4281,5.9212e-16,1.6383e-15
2.4548,6.5133e-16,1.7753e-15
2.4816,5.3291e-16,1.6916e-15
2.5084,5.3291e-16,1.4862e-15
2.5351,5.9212e-16,1.5705e-15
2.5619,4.737e-16,1.3139e-15
2.5886,4.737e-16,1.5425e-15
2.6154,2.9606e-16,1.4059e-15
2.6421,3.5527e-16,1.4302e-15
2.6689,2.9606e-16,1.1506e-15
2.6957,4.737e-16,1.6115e-15
2.7224,2.9606e-16,1.4813e-15
2.7492,2.9606e-16,1.4813e-15
2.7759,4.737e-16,1.8621e-15
2.8027,2.9606e-16,1.4059e-15
2.8294,3.5527e-16,1.5044e-15
2.8562,4.1448e-16,1.7876e-15
2.8829,4.1448e-16,1.6614e-15
2.9097,4.1448e-16,1.6614e-15
2.9365,2.9606e-16,1.7506e-15
2.9632,4.737e-16,1.7413e-15
2.99,4.1448e-16,2.1216e-15
3,5.9212e-16,2.1546e-15
3,0,0
3.0268,2.3685e-16,7.7125e-16
3.0535,2.3685e-16,9.0135e-16
3.0803,2.9606e-16,9.4266e-16
3.107,2.9606e-16,1.0518e-15
3.1338,3.5527e-16,1.5044e-15
3.1605,4.1448e-16,1.6614e-15
3.1873,4.737e-16,1.6115e-15
3.214,5.3291e-16,2.094e-15
3.2408,5.9212e-16,2.348e-15
3.2676,6.5133e-16,2.2606e-15
3.2943,5.3291e-16,2.094e-15
3.3211,5.3291e-16,1.8157e-15
3.3478,5.9212e-16,2.0512e-15
3.3746,5.9212e-16,2.0512e-15
3.4013,5.3291e-16,1.8157e-15
3.4281,5.3291e-16,1.8157e-15
3.4548,5.9212e-16,1.8267e-15
3.4816,5.3291e-16,1.6261e-15
3.5084,5.9212e-16,1.8267e-15
3.5351,5.9212e-16,2.0512e-15
3.5619,5.3291e-16,1.8157e-15
3.5886,4.1448e-16,1.5945e-15
3.6154,4.737e-16,1.6115e-15
3.6421,5.9212e-16,2.0512e-15
3.6689,5.3291e-16,2.0414e-15
3.6957,5.9212e-16,1.8853e-15
3.7224,5.3291e-16,1.8157e-15
3.7492,4.1448e-16,1.8474e-15
3.7759,4.1448e-16,1.5945e-15
3.8027,4.1448e-16,2.1722e-15
3.8294,4.737e-16,1.8621e-15
3.8562,7.1054e-16,2.2177e-15
3.8829,7.1054e-16,2.2177e-15
3.9097,6.5133e-16,2.0056e-15
3.9365,7.1054e-16,2.3603e-15
3.9632,4.737e-16,2.234e-15
3.99,3.5527e-16,1.7076e-15
4,5.9212e-16,1.8853e-15
4,0,0
4.0268,0,0
4.0535,2.3685e-16,9.0135e-16
4.0803,2.3685e-16,9.0135e-16
4.107,2.3685e-16,1.2973e-15
4.1338,3.5527e-16,1.4302e-15
4.1605,3.5527e-16,1.4302e-15
4.1873,2.3685e-16,9.0135e-16
4.214,3.5527e-16,1.4302e-15
4.2408,4.737e-16,1.8027e-15
4.2676,5.9212e-16,1.8853e-15
4.2943,7.1054e-16,2.3603e-15
4.3211,7.1054e-16,2.3603e-15
4.3478,9.4739e-16,3.7242e-15
4.3746,1.0658e-15,4.0828e-15
4.4013,8.2897e-16,3.189e-15
4.4281,9.4739e-16,3.223e-15
4.4548,9.4739e-16,3.223e-15
4.4816,1.0658e-15,3.7494e-15
4.5084,9.4739e-16,3.223e-15
4.5351,9.4739e-16,3.223e-15
4.5619,9.4739e-16,3.223e-15
4.5886,8.2897e-16,3.189e-15
4.6154,9.4739e-16,3.6054e-15
4.6421,8.2897e-16,2.7493e-15
4.6689,9.4739e-16,3.223e-15
4.6957,1.0658e-15,3.6315e-15
4.7224,9.4739e-16,3.223e-15
4.7492,9.4739e-16,2.9405e-15
4.7759,1.0658e-15,3.3833e-15
4.8027,1.0658e-15,3.3833e-15
4.8294,1.1842e-15,3.7706e-15
4.8562,1.1842e-15,3.7706e-15
4.8829,1.1842e-15,3.6534e-15
4.9097,1.3027e-15,4.2226e-15
4.9365,1.1842e-15,3.6534e-15
4.9632,1.1842e-15,3.6534e-15
4.99,1.1842e-15,3.6534e-15
5,1.3027e-15,4.0111e-15
5,0,0
5.0268,0,0
5.0535,0,0
5.0803,0,0
5.107,0,0
5.1338,0,0
5.1605,0,0
5.1873,0,0
5.214,0,0
5.2408,0,0
5.2676,0,0
5.2943,0,0
5.3211,0,0
5.3478,0,0
5.3746,0,0
5.4013,0,0
5.4281,0,0
5.4548,0,0
5.4816,0,0
5.5084,0,0
5.5351,0,0
5.5619,0,0
5.5886,0,0
5.6154,0,0
5.6421,0,0
5.6689,0,0
5.6957,0,0
5.7224,0,0
5.7492,0,0
5.7759,0,0
5.8027,0,0
5.8294,0,0
5.8562,0,0
5.8829,0,0
5.9097,0,0
5.9365,0,0
5.9632,0,0
5.99,0,0
6,0,0
6,0,0
6.0268,0,0
6.0535,0,0
6.0803,0,0
6.107,0,0
6.1338,0,0
6.1605,0,0
6.1873,0,0
6.214,0,0
6.2408,0,0
6.2676,0,0
6.2943,0,0
6.3211,0,0
6.3478,0,0
6.3746,0,0
6.4013,0,0
6.4281,0,0
6.4548,1.1842e-16,6.4863e-16
6.4816,1.1842e-16,6.4863e-16
6.5084,0,0
6.5351,1.1842e-16,6.4863e-16
6.5619,0,0
6.5886,1.1842e-16,6.4863e-16
6.6154,0,0
6.6421,1.1842e-16,6.4863e-16
6.6689,0,0
6.6957,0,0
6.7224,0,0
6.7492,-1.1842e-16,6.4863e-16
6.7759,0,0
6.8027,0,0
6.8294,0,0
6.8562,0,0
6.8829,0,0
6.9097,0,0
6.9365,0,0
6.9632,0,0
6.99,0,0
7,0,0
7,0,0
7.0268,-2.3685e-16,1.2973e-15
7.0535,0,1.866e-15
7.0803,0,1.866e-15
7.107,0,1.866e-15
7.1338,0,1.866e-15
7.1605,2.3685e-16,1.2973e-15
7.1873,0,1.866e-15
7.214,2.3685e-16,2.9405e-15
7.2408,2.3685e-16,2.9405e-15
7.2676,2.3685e-16,2.9405e-15
7.2943,2.3685e-16,2.9405e-15
7.3211,4.737e-16,2.5945e-15
7.3478,7.1054e-16,3.8918e-15
7.3746,4.737e-16,2.5945e-15
7.4013,7.1054e-16,2.8605e-15
7.4281,4.737e-16,2.5945e-15
7.4548,4.737e-16,2.5945e-15
7.4816,4.737e-16,2.5945e-15
7.5084,4.737e-16,2.5945e-15
7.5351,7.1054e-16,2.8605e-15
7.5619,2.3685e-16,1.2973e-15
7.5886,7.1054e-16,2.8605e-15
7.6154,4.737e-16,1.8027e-15
7.6421,7.1054e-16,2.8605e-15
7.6689,4.737e-16,1.8027e-15
7.6957,4.737e-16,1.8027e-15
7.7224,7.1054e-16,2.8605e-15
7.7492,7.1054e-16,2.8605e-15
7.7759,9.4739e-16,3.6054e-15
7.8027,7.1054e-16,2.8605e-15
7.8294,9.4739e-16,4.0597e-15
7.8562,9.4739e-16,4.0597e-15
7.8829,9.4739e-16,4.0597e-15
7.9097,9.4739e-16,4.0597e-15
7.9365,7.1054e-16,2.8605e-15
7.9632,7.1054e-16,2.8605e-15
7.99,9.4739e-16,4.0597e-15
8,1.1842e-15,4.6023e-15
8,0,0
8.0268,0,0
8.0535,2.3685e-16,1.2973e-15
8.0803,-2.3685e-16,1.2973e-15
8.107,-4.737e-16,1.8027e-15
8.1338,-4.737e-16,2.5945e-15
8.1605,-7.1054e-16,2.8605e-15
8.1873,-4.737e-16,1.8027e-15
8.214,-7.1054e-16,2.8605e-15
8.2408,-4.737e-16,3.1959e-15
8.2676,-2.3685e-16,2.2726e-15
8.2943,-2.3685e-16,2.2726e-15
8.3211,-4.737e-16,3.1959e-15
8.3478,-4.737e-16,1.8027e-15
8.3746,-4.737e-16,1.8027e-15
8.4013,0,1.866e-15
8.4281,-4.737e-16,3.1959e-15
8.4548,-4.737e-16,1.8027e-15
8.4816,-2.3685e-16,2.2726e-15
8.5084,-7.1054e-16,3.8918e-15
8.5351,-7.1054e-16,2.8605e-15
8.5619,-4.737e-16,3.1959e-15
8.5886,-4.737e-16,1.8027e-15
8.6154,-9.4739e-16,3.6054e-15
8.6421,-7.1054e-16,3.8918e-15
8.6689,-9.4739e-16,4.842e-15
8.6957,-1.1842e-15,4.6023e-15
8.7224,-9.4739e-16,3.6054e-15
8.7492,-7.1054e-16,3.8918e-15
8.7759,-9.4739e-16,3.6054e-15
8.8027,-9.4739e-16,4.842e-15
8.8294,-2.3685e-16,3.951e-15
8.8562,-7.1054e-16,3.8918e-15
8.8829,-2.3685e-16,3.951e-15
8.9097,-4.737e-16,4.9133e-15
8.9365,-4.737e-16,3.1959e-15
8.9632,-2.3685e-16,2.9405e-15
8.99,-7.1054e-16,4.316e-15
9,-2.3685e-16,3.951e-15
9,0,0
9.0268,0,0
9.0535,0,0
9.0803,0,0
9.107,0,0
9.1338,0,0
9.1605,0,0
9.1873,0,0
9.214,0,0
9.2408,0,0
9.2676,0,0
9.2943,0,0
9.3211,0,0
9.3478,0,0
9.3746,0,0
9.4013,0,0
9.4281,0,0
9.4548,0,0
9.4816,0,0
9.5084,0,0
9.5351,0,0
9.5619,0,0
9.5886,0,0
9.6154,0,0
9.6421,0,0
9.6689,0,0
9.6957,0,0
9.7224,0,0
9.7492,0,0
9.7759,0,0
9.8027,0,0
9.8294,0,0
9.8562,0,0
9.8829,0,0
9.9097,0,0
9.9365,0,0
9.9632,0,0
9.99,0,0
10,0,0
10,0,0
10.027,-4.737e-16,7.902e-15
10.054,0,8.3449e-15
10.08,-4.737e-16,8.7389e-15
10.107,0,9.8738e-15
10.134,4.737e-16,8.7389e-15
10.161,9.4739e-16,8.2891e-15
10.187,1.4211e-15,6.8306e-15
10.214,9.4739e-16,8.2891e-15
10.241,9.4739e-16,7.4014e-15
10.268,0,7.4639e-15
10.294,0,7.4639e-15
10.321,0,7.4639e-15
10.348,0,9.1414e-15
10.375,4.737e-16,5.881e-15
10.401,-1.4211e-15,8.632e-15
10.428,0,8.3449e-15
10.455,-4.737e-16,8.7389e-15
10.482,1.8948e-15,8.1193e-15
10.508,9.4739e-16,6.3917e-15
10.535,1.4211e-15,9.4042e-15
10.562,4.737e-16,9.5024e-15
10.589,0,6.4639e-15
10.615,3.3159e-15,9.6479e-15
10.642,1.4211e-15,9.4042e-15
10.669,2.3685e-15,9.9324e-15
10.696,9.4739e-16,9.0905e-15
10.722,4.737e-16,7.902e-15
10.749,1.4211e-15,9.4042e-15
10.776,9.4739e-16,9.8267e-15
10.803,4.737e-16,1.4203e-14
10.829,4.737e-16,1.2083e-14
10.856,-1.4211e-15,1.3636e-14
10.883,0,1.2377e-14
10.91,-9.4739e-16,1.4422e-14
10.936,0,1.5387e-14
10.963,-4.737e-16,1.2646e-14
10.99,-9.4739e-16,1.6239e-14
11,-9.4739e-16,1.5357e-14
11,0,0
11.027,1.8948e-15,9.6839e-15
11.054,1.8948e-15,1.3317e-14
11.08,2.3685e-15,1.3499e-14
11.107,9.4739e-16,1.234e-14
11.134,2.8422e-15,1.3661e-14
11.161,1.8948e-15,1.2227e-14
11.187,9.4739e-16,1.5804e-14
11.214,1.8948e-15,1.6153e-14
11.241,9.4739e-16,1.6239e-14
11.268,1.4211e-15,1.8033e-14
11.294,1.8948e-15,1.6153e-14
11.321,3.3159e-15,1.7378e-14
11.348,3.3159e-15,1.9278e-14
11.375,2.8422e-15,1.9175e-14
11.401,4.2633e-15,1.9446e-14
11.428,2.8422e-15,1.6438e-14
11.455,3.7896e-15,1.9005e-14
11.482,3.7896e-15,1.9724e-14
11.508,4.2633e-15,1.98e-14
11.535,3.7896e-15,2.0074e-14
11.562,4.2633e-15,2.0149e-14
11.589,2.8422e-15,1.7663e-14
11.615,9.4739e-16,1.6662e-14
11.642,2.3685e-15,2.0807e-14
11.669,2.3685e-15,2.0807e-14
11.696,2.8422e-15,1.7663e-14
11.722,3.3159e-15,1.9636e-14
11.749,1.4211e-15,1.6416e-14
11.776,-9.4739e-16,2.2057e-14
11.803,0,2.3306e-14
11.829,1.4211e-15,2.1226e-14
11.856,2.3685e-15,1.8314e-14
11.883,0,1.866e-14
11.91,1.8948e-15,2.468e-14
11.936,-9.4739e-16,2.2057e-14
11.963,4.737e-16,2.4891e-14
11.99,0,2.3896e-14
12,1.8948e-15,2.3524e-14
12,0,0
12.027,4.737e-16,5.881e-15
12.054,4.737e-16,1.689e-14
12.08,-9.4739e-16,1.5804e-14
12.107,9.4739e-16,1.1762e-14
12.134,0,1.4928e-14
12.161,9.4739e-16,9.0905e-15
12.187,9.4739e-16,1.5804e-14
12.214,1.8948e-15,1.0378e-14
12.241,9.4739e-16,1.393e-14
12.268,4.737e-15,1.5083e-14
12.294,3.7896e-15,1.6239e-14
12.321,2.8422e-15,1.3661e-14
12.348,2.8422e-15,1.1442e-14
12.375,3.7896e-15,1.4422e-14
12.401,2.8422e-15,1.7264e-14
12.428,3.7896e-15,1.234e-14
12.455,3.7896e-15,1.4422e-14
12.482,3.7896e-15,1.4422e-14
12.508,9.4739e-16,9.0905e-15
12.535,2.8422e-15,1.1442e-14
12.562,2.8422e-15,1.1442e-14
12.589,9.4739e-16,1.393e-14
12.615,3.7896e-15,1.6239e-14
12.642,3.7896e-15,1.4422e-14
12.669,2.8422e-15,1.5567e-14
12.696,3.7896e-15,1.4422e-14
12.722,1.8948e-15,1.2783e-14
12.749,2.8422e-15,1.3661e-14
12.776,1.8948e-15,1.0378e-14
12.803,2.8422e-15,1.5567e-14
12.829,3.7896e-15,1.6239e-14
12.856,2.8422e-15,1.3661e-14
12.883,2.8422e-15,1.7264e-14
12.91,2.8422e-15,1.5567e-14
12.936,1.8948e-15,1.6578e-14
12.963,1.8948e-15,1.9653e-14
12.99,4.737e-15,1.8409e-14
13,1.8948e-15,1.6578e-14
13,0,0
13.027,-1.5253e-13,8.0874e-13
13.054,-1.6485e-13,8.8151e-13
13.08,-1.5537e-13,8.2431e-13
13.107,-1.4685e-13,7.7765e-13
13.134,-1.4306e-13,7.5165e-13
13.161,-1.4306e-13,7.4626e-13
13.187,-1.6769e-13,8.8655e-13
13.214,-1.459e-13,7.8313e-13
13.241,-1.7053e-13,9.127e-13
13.268,-1.6295e-13,8.9261e-13
13.294,-1.8e-13,9.7e-13
13.321,-1.8379e-13,9.9075e-13
13.348,-1.9043e-13,1.0217e-12
13.375,-1.9516e-13,1.0477e-12
13.401,-1.9422e-13,1.0532e-12
13.428,-2.0274e-13,1.0892e-12
13.455,-2.0274e-13,1.0998e-12
13.482,-2.0464e-13,1.0995e-12
13.508,-1.98e-13,1.0793e-12
13.535,-2.0843e-13,1.1203e-12
13.562,-2.0843e-13,1.1203e-12
13.589,-2.0369e-13,1.0997e-12
13.615,-2.0937e-13,1.1307e-12
13.642,-2.0843e-13,1.1256e-12
13.669,-2.0843e-13,1.1203e-12
13.696,-2.0369e-13,1.0996e-12
13.722,-2.0653e-13,1.1313e-12
13.749,-2.0843e-13,1.131e-12
13.776,-2.0653e-13,1.126e-12
13.803,-2.1032e-13,1.1468e-12
13.829,-2.1032e-13,1.1467e-12
13.856,-2.0843e-13,1.1363e-12
13.883,-2.1411e-13,1.1568e-12
13.91,-2.1695e-13,1.1617e-12
13.936,-2.1885e-13,1.1613e-12
13.963,-2.1316e-13,1.1517e-12
13.99,-2.1695e-13,1.1777e-12
14,-2.1979e-13,1.1827e-12
14,0,0
14.027,-2.179e-13,2.0597e-12
14.054,-2.2643e-13,2.0843e-12
14.08,-2.0653e-13,1.9916e-12
14.107,-1.98e-13,1.9371e-12
14.134,-1.7906e-13,1.9768e-12
14.161,-2.2264e-13,2.0679e-12
14.187,-2.1127e-13,1.9885e-12
14.214,-2.0558e-13,1.9799e-12
14.241,-2.2169e-13,2.0682e-12
14.268,-2.2264e-13,2.1028e-12
14.294,-2.3116e-13,2.1718e-12
14.321,-2.3306e-13,2.1996e-12
14.348,-2.3874e-13,2.24e-12
14.375,-2.4443e-13,2.272e-12
14.401,-2.4443e-13,2.2861e-12
14.428,-2.5201e-13,2.3319e-12
14.455,-2.5769e-13,2.3472e-12
14.482,-2.539e-13,2.3457e-12
14.508,-2.558e-13,2.3708e-12
14.535,-2.539e-13,2.3897e-12
14.562,-2.5201e-13,2.3806e-12
14.589,-2.6148e-13,2.4328e-12
14.615,-2.5958e-13,2.4471e-12
14.642,-2.6148e-13,2.4562e-12
14.669,-2.5958e-13,2.4734e-12
14.696,-2.5769e-13,2.4662e-12
14.722,-2.6527e-13,2.5167e-12
14.749,-2.6716e-13,2.5371e-12
14.776,-2.7474e-13,2.5408e-12
14.803,-2.6906e-13,2.5585e-12
14.829,-2.6906e-13,2.5699e-12
14.856,-2.7474e-13,2.5925e-12
14.883,-2.7285e-13,2.5959e-12
14.91,-2.7474e-13,2.6142e-12
14.936,-2.7474e-13,2.6191e-12
14.963,-2.7853e-13,2.6422e-12
14.99,-2.8043e-13,2.6514e-12
15,-2.8043e-13,2.653e-12
15,0,0
15.027,-1.135e-12,3.5491e-12
15.054,-1.2657e-12,3.9362e-12
15.08,-1.3188e-12,4.0902e-12
15.107,-1.3491e-12,4.1898e-12
15.134,-1.3529e-12,4.1928e-12
15.161,-1.351e-12,4.196e-12
15.187,-1.3548e-12,4.2102e-12
15.214,-1.3491e-12,4.2006e-12
15.241,-1.3396e-12,4.1905e-12
15.268,-1.3377e-12,4.1869e-12
15.294,-1.3377e-12,4.1763e-12
15.321,-1.3377e-12,4.1893e-12
15.348,-1.3358e-12,4.1803e-12
15.375,-1.3396e-12,4.1855e-12
15.401,-1.3358e-12,4.1812e-12
15.428,-1.3396e-12,4.1872e-12
15.455,-1.332e-12,4.1733e-12
15.482,-1.3358e-12,4.1841e-12
15.508,-1.3377e-12,4.1761e-12
15.535,-1.3339e-12,4.168e-12
15.562,-1.332e-12,4.1788e-12
15.589,-1.3377e-12,4.1843e-12
15.615,-1.3415e-12,4.1782e-12
15.642,-1.3377e-12,4.171e-12
15.669,-1.3396e-12,4.1762e-12
15.696,-1.3396e-12,4.1722e-12
15.722,-1.3396e-12,4.1774e-12
15.749,-1.3377e-12,4.1668e-12
15.776,-1.3377e-12,4.1669e-12
15.803,-1.3453e-12,4.1743e-12
15.829,-1.3415e-12,4.1744e-12
15.856,-1.332e-12,4.1641e-12
15.883,-1.332e-12,4.1611e-12
15.91,-1.3339e-12,4.1671e-12
15.936,-1.3301e-12,4.1693e-12
15.963,-1.3282e-12,4.1564e-12
15.99,-1.3245e-12,4.1516e-12
16,-1.3207e-12,4.1518e-12
16,0,0
16.027,-1.1369e-14,3.1313e-14
16.054,-1.7053e-14,4.7559e-14
16.08,-9.4739e-15,3.973e-14
16.107,-1.5158e-14,4.4617e-14
16.134,-1.7053e-14,5.2034e-14
16.161,-1.3263e-14,4.6452e-14
16.187,-1.5158e-14,5.3685e-14
16.214,-2.0843e-14,5.6811e-14
16.241,-1.8948e-14,6.3917e-14
16.268,-2.0843e-14,6.2418e-14
16.294,-2.2737e-14,6.9378e-14
16.321,-2.0843e-14,7.6821e-14
16.348,-1.5158e-14,7.1487e-14
16.375,-2.0843e-14,7.5357e-14
16.401,-1.5158e-14,7.1487e-14
16.428,-2.0843e-14,7.9669e-14
16.455,-1.7053e-14,6.7009e-14
16.482,-1.8948e-14,7.3637e-14
16.508,-1.8948e-14,6.8949e-14
16.535,-1.7053e-14,8.1967e-14
16.562,-1.7053e-14,7.3359e-14
16.589,-1.3263e-14,7.4165e-14
16.615,-2.0843e-14,6.9191e-14
16.642,-1.7053e-14,7.3359e-14
16.669,-2.2737e-14,7.5529e-14
16.696,-1.8948e-14,7.5135e-14
16.722,-1.1369e-14,9.605e-14
16.749,-1.3263e-14,8.4026e-14
16.776,-1.1369e-14,6.7423e-14
16.803,-1.8948e-14,8.9981e-14
16.829,-2.2737e-14,9.1536e-14
16.856,-2.6527e-14,9.7584e-14
16.883,-1.8948e-14,1.0378e-13
16.91,-2.2737e-14,1.008e-13
16.936,-2.2737e-14,1.008e-13
16.963,-2.6527e-14,8.2756e-14
16.99,-2.6527e-14,1.0205e-13
17,-2.6527e-14,8.7977e-14
17,0,0
17.027,2.3874e-13,9.7904e-13
17.054,2.7664e-13,1.1477e-12
17.08,2.8043e-13,1.1711e-12
17.107,2.918e-13,1.1847e-12
17.134,3.0316e-13,1.2318e-12
17.161,2.9938e-13,1.2166e-12
17.187,2.918e-13,1.2093e-12
17.214,3.0316e-13,1.2275e-12
17.241,2.9559e-13,1.2452e-12
17.268,3.0316e-13,1.2462e-12
17.294,2.9559e-13,1.2495e-12
17.321,2.9559e-13,1.2641e-12
17.348,2.918e-13,1.2644e-12
17.375,3.0316e-13,1.2594e-12
17.401,2.8422e-13,1.257e-12
17.428,2.918e-13,1.2492e-12
17.455,2.918e-13,1.2701e-12
17.482,2.9938e-13,1.264e-12
17.508,2.8801e-13,1.2606e-12
17.535,2.9559e-13,1.2847e-12
17.562,2.8043e-13,1.2676e-12
17.589,2.8801e-13,1.2652e-12
17.615,2.8422e-13,1.2641e-12
17.642,2.8043e-13,1.2514e-12
17.669,2.8043e-13,1.2652e-12
17.696,2.8043e-13,1.2669e-12
17.722,2.8422e-13,1.2725e-12
17.749,2.8043e-13,1.2697e-12
17.776,2.6527e-13,1.2537e-12
17.803,2.6906e-13,1.2672e-12
17.829,2.6527e-13,1.258e-12
17.856,2.6906e-13,1.2605e-12
17.883,2.7285e-13,1.2644e-12
17.91,2.7285e-13,1.2644e-12
17.936,2.6527e-13,1.2636e-12
17.963,2.6148e-13,1.2318e-12
17.99,2.6906e-13,1.2348e-12
18,2.6148e-13,1.2375e-12
18,0,0
18.027,1.2998e-12,1.5489e-11
18.054,1.6219e-12,1.9472e-11
18.08,1.7053e-12,2.0411e-11
18.107,1.7811e-12,2.1228e-11
18.134,1.747e-12,2.1673e-11
18.161,1.7205e-12,2.121e-11
18.187,1.8266e-12,2.1899e-11
18.214,1.7356e-12,2.1332e-11
18.241,1.747e-12,2.2563e-11
18.268,1.7394e-12,2.1658e-11
18.294,1.7697e-12,2.2628e-11
18.321,1.7129e-12,2.2011e-11
18.348,1.7621e-12,2.2604e-11
18.375,1.7356e-12,2.241e-11
18.401,1.6901e-12,2.1954e-11
18.428,1.7091e-12,2.2065e-11
18.455,1.6409e-12,2.2177e-11
18.482,1.6106e-12,2.205e-11
18.508,1.603e-12,2.2082e-11
18.535,1.6144e-12,2.1967e-11
18.562,1.6257e-12,2.1715e-11
18.589,1.4325e-12,2.1909e-11
18.615,1.5424e-12,2.2151e-11
18.642,1.5461e-12,2.2158e-11
18.669,1.5461e-12,2.2112e-11
18.696,1.5613e-12,2.1964e-11
18.722,1.5954e-12,2.172e-11
18.749,1.3756e-12,2.1919e-11
18.776,1.4931e-12,2.2165e-11
18.803,1.5045e-12,2.2146e-11
18.829,1.5158e-12,2.2081e-11
18.856,1.5386e-12,2.1934e-11
18.883,1.4362e-12,2.1985e-11
18.91,1.4666e-12,2.2064e-11
18.936,1.459e-12,2.2067e-11
18.963,1.4666e-12,2.2016e-11
18.99,1.459e-12,2.1936e-11
19,1.4666e-12,2.1903e-11
19,0,0
19.027,-7.5791e-15,2.8843e-14
19.054,-3.7896e-15,4.7048e-14
19.08,-1.8948e-14,6.7313e-14
19.107,-1.5158e-14,6.4955e-14
19.134,-7.5791e-15,6.6313e-14
19.161,-1.1369e-14,8.6272e-14
19.187,-1.5158e-14,5.7687e-14
19.214,-1.5158e-14,7.7471e-14
19.241,-1.5158e-14,7.7471e-14
19.268,-1.5158e-14,1.0227e-13
19.294,-1.5158e-14,7.7471e-14
19.321,-1.1369e-14,9.605e-14
19.348,-1.5158e-14,8.823e-14
19.375,-1.5158e-14,1.0654e-13
19.401,-1.5158e-14,1.0654e-13
19.428,-2.2737e-14,1.0513e-13
19.455,-7.5791e-15,9.4097e-14
19.482,-7.5791e-15,9.4097e-14
19.508,-7.5791e-15,9.4097e-14
19.535,-3.7896e-15,1.0549e-13
19.562,-7.5791e-15,1.2286e-13
19.589,-7.5791e-15,1.2286e-13
19.615,0,1.1942e-13
19.642,-3.7896e-15,1.0549e-13
19.669,-3.7896e-15,1.0549e-13
19.696,-7.5791e-15,1.2286e-13
19.722,0,1.1942e-13
19.749,0,1.1942e-13
19.776,0,1.1942e-13
19.803,-3.7896e-15,1.2121e-13
19.829,-7.5791e-15,1.0737e-13
19.856,3.7896e-15,1.0549e-13
19.883,-3.7896e-15,1.0549e-13
19.91,0,8.9567e-14
19.936,7.5791e-15,7.8614e-14
19.963,7.5791e-15,9.4097e-14
19.99,3.7896e-15,1.0549e-13
20,7.5791e-15,9.4097e-14
20,0,0
20.027,-1.8569e-13,8.9292e-13
20.054,-1.9327e-13,9.3803e-13
20.08,-2.8422e-13,1.391e-12
20.107,-2.1222e-13,1.0813e-12
20.134,-3.1074e-13,1.6194e-12
20.161,-3.5622e-13,1.8275e-12
20.187,-3.4106e-13,1.8275e-12
20.214,-3.7896e-13,1.9942e-12
20.241,-4.0169e-13,2.0751e-12
20.268,-4.0169e-13,2.1184e-12
20.294,-3.9411e-13,2.077e-12
20.321,-3.7896e-13,1.9517e-12
20.348,-3.7138e-13,1.9103e-12
20.375,-3.4106e-13,1.8314e-12
20.401,-3.259e-13,1.7487e-12
20.428,-3.4106e-13,1.7054e-12
20.455,-3.259e-13,1.5817e-12
20.482,-2.8043e-13,1.4139e-12
20.508,-2.7285e-13,1.4123e-12
20.535,-2.5769e-13,1.2464e-12
20.562,-2.1222e-13,9.9904e-13
20.589,-1.6674e-13,7.1885e-13
20.615,-1.819e-13,8.3468e-13
20.642,-1.3642e-13,6.0187e-13
20.669,-8.337e-14,3.5569e-13
20.696,-9.8529e-14,4.7275e-13
20.722,-7.5791e-14,3.1784e-13
20.749,-3.7896e-14,1.3463e-13
20.776,2.2737e-14,3.2349e-13
20.803,-3.7896e-14,1.4727e-13
20.829,-2.2737e-14,2.2619e-13
20.856,3.0316e-14,4.4975e-13
20.883,-7.5791e-15,2.2724e-13
20.91,1.5158e-14,3.7258e-13
20.936,6.8212e-14,6.0644e-13
20.963,1.2885e-13,9.3593e-13
20.99,3.7896e-14,4.963e-13
21,6.8212e-14,5.6062e-13
21,0,0
21.027,-1.3642e-12,9.3866e-12
21.054,-1.6826e-12,1.1613e-11
21.08,-1.9706e-12,1.263e-11
21.107,-1.9933e-12,1.4543e-11
21.134,-2.6906e-12,1.5069e-11
21.161,-2.107e-12,1.5312e-11
21.187,-2.9255e-12,1.5774e-11
21.214,-2.1449e-12,1.5694e-11
21.241,-2.5617e-12,1.7485e-11
21.268,-2.2131e-12,1.612e-11
21.294,-2.4329e-12,1.6761e-11
21.321,-2.2131e-12,1.5733e-11
21.348,-2.1752e-12,1.4763e-11
21.375,-2.0767e-12,1.4443e-11
21.401,-1.9857e-12,1.3766e-11
21.428,-1.9175e-12,1.3275e-11
21.455,-1.872e-12,1.2762e-11
21.482,-1.728e-12,1.227e-11
21.508,-1.6522e-12,1.1518e-11
21.535,-1.5537e-12,1.0889e-11
21.562,-1.4931e-12,1.0482e-11
21.589,-1.4097e-12,9.9195e-12
21.615,-1.2733e-12,9.2821e-12
21.642,-1.1141e-12,8.4845e-12
21.669,-1.0004e-12,7.6618e-12
21.696,-9.6255e-13,7.271e-12
21.722,-9.0192e-13,7.0741e-12
21.749,-7.3517e-13,6.3042e-12
21.776,-5.457e-13,5.4013e-12
21.803,-6.4423e-13,5.1324e-12
21.829,-6.9728e-13,4.7649e-12
21.856,-4.3959e-13,4.419e-12
21.883,-2.6527e-13,3.6031e-12
21.91,1.9568e-06,5.7852e-06
21.936,1.7189e-05,2.9207e-05
21.963,5.7506e-05,5.2923e-05
21.99,0.00010446,7.5716e-05
22,0.00012165,8.0843e-05
22,0.00013333,0.00034575
22.027,0.03576,0.0083094
22.054,0.15288,0.019137
22.08,0.35036,0.030406
22.107,0.62677,0.043051
22.134,0.98072,0.057757
22.161,1.4108,0.074912
22.187,1.9159,0.094705
22.214,2.4945,0.11718
22.241,3.1454,0.14232
22.268,3.8675,0.17002
22.294,4.6595,0.20019
22.321,5.5202,0.23272
22.348,6.4486,0.26751
22.375,7.4436,0.30444
22.401,8.504,0.34341
22.428,9.6289,0.38433
22.455,10.817,0.42711
22.482,12.068,0.47167
22.508,13.38,0.51794
22.535,14.753,0.56584
22.562,16.185,0.61534
22.589,17.676,0.66636
22.615,19.225,0.71888
22.642,20.83,0.77286
22.669,22.492,0.82827
22.696,24.209,0.88511
22.722,25.981,0.94334
22.749,27.806,1.003
22.776,29.684,1.064
22.803,31.614,1.1265
22.829,33.596,1.1903
22.856,35.628,1.2557
22.883,37.711,1.3225
22.91,39.843,1.3908
22.936,42.023,1.4607
22.963,44.252,1.5322
22.99,46.528,1.6053
23,47.394,1.6331
23,47.394,1.6332
23.027,49.565,1.7048
23.054,51.718,1.776
23.08,53.853,1.8466
23.107,55.971,1.9167
23.134,58.071,1.9861
23.161,60.155,2.0549
23.187,62.221,2.1232
23.214,64.27,2.1907
23.241,66.302,2.2577
23.268,68.317,2.324
23.294,70.315,2.3897
23.321,72.297,2.4548
23.348,74.263,2.5193
23.375,76.212,2.5832
23.401,78.146,2.6466
23.428,80.063,2.7094
23.455,81.965,2.7718
23.482,83.85,2.8336
23.508,85.721,2.8949
23.535,87.575,2.9558
23.562,89.415,3.0162
23.589,91.239,3.0761
23.615,93.048,3.1357
23.642,94.843,3.1948
23.669,96.622,3.2536
23.696,98.387,3.3119
23.722,100.14,3.3699
23.749,101.87,3.4276
23.776,103.59,3.4849
23.803,105.3,3.5419
23.829,106.99,3.5987
23.856,108.67,3.6551
23.883,110.34,3.7112
23.91,111.99,3.7671
23.936,113.63,3.8226
23.963,115.25,3.878
23.99,116.86,3.9331
24,117.46,3.9537
24,117.46,3.9537
24.027,119.05,4.0089
24.054,120.62,4.064
24.08,122.17,4.1191
24.107,123.7,4.1742
24.134,125.21,4.2292
24.161,126.7,4.2843
24.187,128.17,4.3393
24.214,129.63,4.3943
24.241,131.06,4.4494
24.268,132.48,4.5044
24.294,133.88,4.5596
24.321,135.27,4.6147
24.348,136.64,4.6699
24.375,137.99,4.7251
24.401,139.32,4.7804
24.428,140.64,4.8358
24.455,141.95,4.8912
24.482,143.23,4.9466
24.508,144.51,5.0022
24.535,145.77,5.0578
24.562,147.01,5.1135
24.589,148.24,5.1692
24.615,149.45,5.225
24.642,150.65,5.2809
24.669,151.84,5.3368
24.696,153.01,5.3928
24.722,154.17,5.4489
24.749,155.31,5.5051
24.776,156.45,5.5613
24.803,157.57,5.6176
24.829,158.67,5.6739
24.856,159.77,5.7303
24.883,160.85,5.7867
24.91,161.92,5.8433
24.936,162.98,5.8998
24.963,164.03,5.9602
24.99,165.07,6.0311
25,165.47,6.0607
25,165.47,6.0607
25.027,166.51,6.1425
25.054,167.54,6.2253
25.08,168.56,6.309
25.107,169.56,6.3935
25.134,170.54,6.4788
25.161,171.52,6.5647
25.187,172.48,6.6512
25.214,173.42,6.7383
25.241,174.36,6.8259
25.268,175.28,6.9139
25.294,176.19,7.0022
25.321,177.08,7.0909
25.348,177.97,7.1799
25.375,178.84,7.2691
25.401,179.7,7.3585
25.428,180.55,7.4481
25.455,181.39,7.5378
25.482,182.21,7.6276
25.508,183.03,7.7175
25.535,183.84,7.8074
25.562,184.63,7.8973
25.589,185.42,7.9872
25.615,186.19,8.077
25.642,186.96,8.1668
25.669,187.71,8.2565
25.696,188.46,8.346
25.722,189.19,8.4355
25.749,189.92,8.5248
25.776,190.64,8.614
25.803,191.34,8.7029
25.829,192.04,8.7917
25.856,192.73,8.8802
25.883,193.42,8.9686
25.91,194.09,9.0567
25.936,194.76,9.1458
25.963,195.42,9.2427
25.99,196.07,9.3485
26,196.32,9.3905
26,196.32,9.3906
26.027,196.99,9.5036
26.054,197.65,9.6167
26.08,198.3,9.7297
26.107,198.95,9.8425
26.134,199.59,9.9551
26.161,200.22,10.067
26.187,200.85,10.179
26.214,201.47,10.291
26.241,202.09,10.402
26.268,202.7,10.513
26.294,203.31,10.623
26.321,203.9,10.733
26.348,204.5,10.842
26.375,205.08,10.951
26.401,205.66,11.059
26.428,206.24,11.166
26.455,206.81,11.273
26.482,207.37,11.38
26.508,207.93,11.485
26.535,208.49,11.59
26.562,209.1,11.713
26.589,209.95,11.994
26.615,210.85,12.444
26.642,211.74,13.023
26.669,212.61,13.711
26.696,213.48,14.487
26.722,214.34,15.335
26.749,215.2,16.238
26.776,216.04,17.186
26.803,216.87,18.167
26.829,217.7,19.174
26.856,218.52,20.2
26.883,219.33,21.24
26.91,220.13,22.289
26.936,220.92,23.345
26.963,221.7,24.404
26.99,222.48,25.465
27,222.77,25.863
27,222.77,25.863
27.027,223.1,25.477
27.054,223.44,25.106
27.08,223.77,24.748
27.107,224.1,24.405
27.134,224.43,24.076
27.161,224.75,23.76
27.187,225.07,23.457
27.214,225.4,23.167
27.241,225.72,22.89
27.268,226.04,22.625
27.294,226.35,22.371
27.321,226.67,22.13
27.348,226.98,21.9
27.375,227.48,21.657
27.401,228.01,21.49
27.428,228.54,21.409
27.455,229.07,21.412
27.482,229.59,21.5
27.508,230.12,21.67
27.535,230.64,21.92
27.562,231.16,22.245
27.589,231.67,22.641
27.615,232.18,23.105
27.642,232.7,23.631
27.669,233.2,24.215
27.696,233.71,24.852
27.722,234.22,25.536
27.749,234.72,26.265
27.776,235.22,27.034
27.803,235.72,27.838
27.829,236.21,28.675
27.856,236.71,29.541
27.883,237.2,30.433
27.91,237.69,31.348
27.936,238.18,32.29
27.963,238.68,33.259
27.99,239.18,34.254
28,239.37,34.633
28,239.37,34.633
28.027,239.79,34.566
28.054,240.2,34.501
28.08,240.61,34.44
28.107,241.01,34.382
28.134,241.42,34.327
28.161,241.82,34.285
28.187,242.45,35.321
28.214,243.09,36.379
28.241,243.71,37.44
28.268,244.62,38.4
28.294,246.4,39.155
28.321,249.06,39.623
28.348,253.3,39.671
28.375,257.99,39.676
28.401,262.75,39.958
28.428,267.62,40.511
28.455,272.67,41.233
28.482,277.72,42.159
28.508,282.73,43.286
28.535,287.68,44.593
28.562,292.58,46.058
28.589,297.44,47.66
28.615,302.25,49.38
28.642,307.02,51.201
28.669,311.74,53.108
28.696,316.41,55.088
28.722,321.04,57.127
28.749,325.62,59.215
28.776,330.17,61.34
28.803,334.69,63.492
28.829,339.17,65.662
28.856,343.47,67.34
28.883,347.71,69.001
28.91,351.94,70.708
28.936,356.14,72.455
28.963,360.33,74.233
28.99,364.5,76.028
29,366.07,76.701
29,366.07,76.701
29.027,363.86,74.784
29.054,361.72,72.928
29.08,359.63,71.128
29.107,357.6,69.383
29.134,355.63,67.693
29.161,353.71,66.057
29.187,351.84,64.475
29.214,350.03,62.945
29.241,348.26,61.469
29.268,346.55,60.045
29.294,344.88,58.673
29.321,343.26,57.351
29.348,341.68,56.081
29.375,340.15,54.861
29.401,338.82,53.446
29.428,337.58,52.018
29.455,336.54,50.382
29.482,335.84,48.326
29.508,335.32,46.129
29.535,334.83,44.069
29.562,334.37,42.156
29.589,333.93,40.401
29.615,333.53,38.814
29.642,333.17,37.422
29.669,332.87,36.241
29.696,332.64,35.274
29.722,332.49,34.534
29.749,332.43,34.035
29.776,332.47,33.788
29.803,332.62,33.79
29.829,332.89,34.045
29.856,333.29,34.559
29.883,333.86,35.309
29.91,334.6,36.267
29.936,335.54,37.404
29.963,336.66,38.693
29.99,337.99,40.105
30,338.55,40.662
30,338.55,40.662
30.027,339.05,40.964
30.054,339.56,41.316
30.08,340.09,41.714
30.107,340.64,42.154
30.134,341.2,42.634
30.161,341.77,43.15
30.187,342.36,43.698
30.214,342.96,44.277
30.241,343.58,44.882
30.268,344.2,45.512
30.294,344.84,46.164
30.321,345.48,46.835
30.348,346.14,47.524
30.375,346.8,48.228
30.401,347.48,48.946
30.428,348.16,49.676
30.455,348.86,50.415
30.482,349.56,51.164
30.508,350.27,51.92
30.535,350.98,52.682
30.562,351.72,53.462
30.589,352.53,54.3
30.615,353.51,55.165
30.642,354.7,56.03
30.669,356.1,56.896
30.696,357.69,57.76
30.722,359.48,58.622
30.749,361.47,59.482
30.776,363.65,60.339
30.803,366.03,61.193
30.829,368.61,62.042
30.856,371.37,62.888
30.883,374.32,63.729
30.91,377.46,64.565
30.936,380.78,65.395
30.963,384.29,66.221
30.99,387.98,67.041
31,389.41,67.347
31,389.41,67.347
31.027,393.24,68.16
31.054,397.04,68.97
31.08,400.81,69.776
31.107,404.56,70.579
31.134,408.27,71.378
31.161,411.95,72.172
31.187,415.6,72.963
31.214,419.22,73.749
31.241,422.81,74.531
31.268,426.37,75.308
31.294,429.9,76.081
31.321,433.41,76.849
31.348,436.88,77.613
31.375,440.33,78.372
31.401,443.75,79.126
31.428,447.14,79.876
31.455,450.5,80.621
31.482,453.84,81.361
31.508,457.15,82.096
31.535,460.43,82.827
31.562,463.71,83.584
31.589,467.05,84.394
31.615,470.55,85.214
31.642,474.21,86.028
31.669,478.03,86.835
31.696,482.02,87.635
31.722,486.17,88.428
31.749,490.48,89.214
31.776,494.95,89.993
31.803,499.57,90.766
31.829,504.35,91.533
31.856,509.28,92.293
31.883,514.36,93.047
31.91,519.59,93.795
31.936,524.97,94.537
31.963,530.49,95.274
31.99,536.16,96.005
32,538.32,96.277
32,538.32,96.277
32.027,544.09,97.001
32.054,549.79,97.722
32.08,555.44,98.439
32.107,561.03,99.152
32.134,566.56,99.862
32.161,572.04,100.57
32.187,577.46,101.27
32.214,582.83,101.97
32.241,588.14,102.67
32.268,593.4,103.36
32.294,598.6,104.05
32.321,603.75,104.73
32.348,608.86,105.41
32.375,613.91,106.09
32.401,618.91,106.76
32.428,623.86,107.43
32.455,628.76,108.1
32.482,633.61,108.76
32.508,638.42,109.42
32.535,643.17,110.08
32.562,647.89,110.73
32.589,652.55,111.39
32.615,657.21,112.09
32.642,661.9,112.84
32.669,666.7,113.61
32.696,671.63,114.37
32.722,676.68,115.14
32.749,681.85,115.9
32.776,687.14,116.65
32.803,692.55,117.4
32.829,698.08,118.15
32.856,703.72,118.89
32.883,709.48,119.63
32.91,715.35,120.36
32.936,721.32,121.09
32.963,727.41,121.82
32.99,733.61,122.55
33,735.96,122.82
33,735.96,122.82
33.027,742.21,123.54
33.054,748.39,124.25
33.08,754.5,124.96
33.107,760.54,125.67
33.134,766.51,126.38
33.161,772.41,127.08
33.187,778.24,127.78
33.214,784.01,128.47
33.241,789.72,129.16
33.268,795.36,129.85
33.294,800.94,130.53
33.321,806.45,131.21
33.348,811.91,131.89
33.375,817.3,132.56
33.401,822.64,133.23
33.428,827.91,133.89
33.455,833.13,134.55
33.482,838.29,135.21
33.508,843.4,135.87
33.535,848.45,136.52
33.562,853.44,137.17
33.589,858.38,137.81
33.615,863.27,138.45
33.642,868.11,139.09
33.669,872.89,139.72
33.696,877.63,140.36
33.722,882.32,141.01
33.749,886.98,141.69
33.776,891.63,142.41
33.803,896.29,143.18
33.829,900.99,143.98
33.856,905.72,144.82
33.883,910.48,145.69
33.91,915.28,146.58
33.936,920.12,147.51
33.963,924.99,148.46
33.99,929.9,149.44
34,931.74,149.82
34,931.74,149.82
34.027,936.7,150.79
34.054,941.59,151.75
34.08,946.44,152.7
34.107,951.22,153.64
34.134,955.96,154.57
34.161,960.64,155.5
34.187,965.27,156.42
34.214,969.73,157.39
34.241,973.8,158.54
34.268,977.96,159.7
34.294,981.95,160.99
34.321,986.11,162.1
34.348,990.3,163.11
34.375,994.39,164.15
34.401,998.43,165.2
34.428,1002.6,166.07
34.455,1006.7,166.93
34.482,1010.8,167.78
34.508,1014.8,168.62
34.535,1018.9,169.45
34.562,1022.8,170.28
34.589,1026.7,171.15
34.615,1030.4,172.02
34.642,1034.2,172.92
34.669,1037.8,173.89
34.696,1041.3,174.94
34.722,1044.8,175.93
34.749,1048.5,176.76
34.776,1052,177.61
34.803,1055.6,178.41
34.829,1059.1,179.18
34.856,1062.7,179.89
34.883,1066.2,180.59
34.91,1069.7,181.28
34.936,1073.2,181.9
34.963,1076.5,182.34
34.99,1079.7,182.61
35,1080.9,182.7
35,1080.9,182.7
35.027,1083.3,183.82
35.054,1085.6,184.92
35.08,1087.8,186.01
35.107,1090,187.09
35.134,1092.1,188.16
35.161,1094,189.23
35.187,1095.9,190.26
35.214,1097.6,191.2
35.241,1099.4,192.12
35.268,1101.1,193.08
35.294,1102.6,193.99
35.321,1104,194.81
35.348,1105.2,195.51
35.375,1106.3,196.17
35.401,1107.3,196.83
35.428,1108.3,197.47
35.455,1109.4,198.05
35.482,1110.6,198.47
35.508,1111.9,198.78
35.535,1113.4,198.88
35.562,1114.9,198.91
35.589,1116.5,198.89
35.615,1118.1,198.87
35.642,1119.7,198.86
35.669,1121.2,198.8
35.696,1122.7,198.75
35.722,1124.2,198.7
35.749,1125.7,198.68
35.776,1127.1,198.66
35.803,1128.5,198.64
35.829,1129.9,198.61
35.856,1131.2,198.57
35.883,1132.6,198.57
35.91,1134.1,198.69
35.936,1135.6,198.79
35.963,1137.1,198.9
35.99,1138.7,198.99
36,1139.3,199.06
36,1139.3,199.06
36.027,1139.8,199.32
36.054,1140.4,199.58
36.08,1140.9,199.83
36.107,1141.5,200.08
36.134,1142.1,200.33
36.161,1142.8,200.58
36.187,1143.4,200.82
36.214,1144.2,201.37
36.241,1145.1,202.08
36.268,1146,202.77
36.294,1146.9,203.46
36.321,1147.8,204.14
36.348,1148.7,204.81
36.375,1149.7,205.46
36.401,1150.7,206.11
36.428,1151.6,206.75
36.455,1152.6,207.38
36.482,1153.6,208.01
36.508,1154.7,208.62
36.535,1155.7,209.23
36.562,1156.7,209.82
36.589,1157.8,210.41
36.615,1158.8,210.99
36.642,1159.9,211.57
36.669,1161,212.09
36.696,1162.2,212.56
36.722,1163.3,213
36.749,1164.5,213.41
36.776,1165.8,213.82
36.803,1167.1,214.22
36.829,1168.3,214.6
36.856,1169.7,214.95
36.883,1171,215.3
36.91,1172.3,215.64
36.936,1173.7,215.95
36.963,1175.1,216.26
36.99,1176.5,216.55
37,1177,216.66
37,1177,216.66
37.027,1178.4,216.96
37.054,1179.9,217.26
37.08,1181.4,217.55
37.107,1182.9,217.84
37.134,1184.5,218.14
37.161,1186,218.42
37.187,1187.6,218.71
37.214,1189.1,219.01
37.241,1190.7,219.32
37.268,1192.3,219.63
37.294,1193.8,219.94
37.321,1195.4,220.25
37.348,1197,220.58
37.375,1198.5,220.91
37.401,1200.1,221.24
37.428,1201.7,221.58
37.455,1203.3,221.92
37.482,1204.9,222.26
37.508,1206.5,222.6
37.535,1208,222.94
37.562,1209.6,223.29
37.589,1211.2,223.63
37.615,1212.7,223.97
37.642,1214.3,224.31
37.669,1215.8,224.65
37.696,1217.4,224.98
37.722,1218.9,225.32
37.749,1220.5,225.65
37.776,1222,225.98
37.803,1223.6,226.31
37.829,1225.1,226.63
37.856,1226.7,226.95
37.883,1228.2,227.27
37.91,1229.8,227.59
37.936,1231.3,227.91
37.963,1232.8,228.22
37.99,1234.4,228.52
38,1234.9,228.63
38,1234.9,228.63
38.027,1236.5,228.95
38.054,1238.1,229.26
38.08,1239.6,229.57
38.107,1241.2,229.88
38.134,1242.7,230.19
38.161,1244.3,230.5
38.187,1245.9,230.8
38.214,1247.5,231.1
38.241,1249,231.4
38.268,1250.6,231.7
38.294,1252.2,232
38.321,1253.8,232.3
38.348,1255.4,232.6
38.375,1257,232.89
38.401,1258.6,233.19
38.428,1260.2,233.48
38.455,1261.8,233.76
38.482,1263.4,234.05
38.508,1265.1,234.32
38.535,1266.7,234.6
38.562,1268.3,234.87
38.589,1269.9,235.15
38.615,1271.6,235.42
38.642,1273.2,235.69
38.669,1274.8,235.97
38.696,1276.5,236.24
38.722,1278.1,236.51
38.749,1279.7,236.78
38.776,1281.3,237.06
38.803,1282.9,237.33
38.829,1284.6,237.6
38.856,1286.2,237.87
38.883,1287.8,238.13
38.91,1289.3,238.4
38.936,1290.9,238.67
38.963,1292.5,238.94
38.99,1294.1,239.21
39,1294.7,239.31
39,1294.7,239.31
39.027,1296.2,239.6
39.054,1297.7,239.89
39.08,1299.2,240.19
39.107,1300.7,240.48
39.134,1302.1,240.77
39.161,1303.6,241.06
39.187,1305,241.35
39.214,1306.5,241.65
39.241,1307.9,241.94
39.268,1309.3,242.23
39.294,1310.6,242.52
39.321,1312,242.81
39.348,1313.3,243.1
39.375,1314.7,243.39
39.401,1316,243.68
39.428,1317.3,243.96
39.455,1318.5,244.25
39.482,1319.8,244.53
39.508,1321,244.82
39.535,1322.2,245.1
39.562,1323.4,245.38
39.589,1324.6,245.66
39.615,1325.8,245.93
39.642,1327,246.21
39.669,1328.1,246.48
39.696,1329.2,246.74
39.722,1330.3,247.01
39.749,1331.4,247.27
39.776,1332.5,247.53
39.803,1333.5,247.78
39.829,1334.6,248.03
39.856,1335.6,248.28
39.883,1336.6,248.53
39.91,1337.6,248.78
39.936,1338.6,249.02
39.963,1339.6,249.26
39.99,1340.6,249.49
40,1340.9,249.58
40,1340.9,249.58
40.027,1341.9,249.82
40.054,1342.8,250.05
40.08,1343.7,250.27
40.107,1344.6,250.5
40.134,1345.5,250.72
40.161,1346.4,250.95
40.187,1347.3,251.16
40.214,1348.1,251.38
40.241,1349,251.6
40.268,1349.8,251.81
40.294,1350.6,252.02
40.321,1351.5,252.23
40.348,1352.3,252.43
40.375,1353.1,252.64
40.401,1353.8,252.84
40.428,1354.6,253.04
40.455,1355.4,253.24
40.482,1356.2,253.43
40.508,1356.9,253.63
40.535,1357.6,253.82
40.562,1358.4,254.01
40.589,1359.1,254.2
40.615,1359.8,254.38
40.642,1360.5,254.57
40.669,1361.2,254.75
40.696,1361.9,254.93
40.722,1362.6,255.11
40.749,1363.2,255.29
40.776,1363.9,255.47
40.803,1364.5,255.64
40.829,1365.2,255.81
40.856,1365.8,255.98
40.883,1366.5,256.15
40.91,1367.1,256.32
40.936,1367.7,256.49
40.963,1368.3,256.65
40.99,1368.9,256.82
41,1369.1,256.88
41,1369.1,256.88
41.027,1369.7,257.04
41.054,1370.3,257.2
41.08,1370.9,257.36
41.107,1371.5,257.51
41.134,1372,257.67
41.161,1372.6,257.82
41.187,1373.1,257.98
41.214,1373.7,258.13
41.241,1374.2,258.28
41.268,1374.8,258.43
41.294,1375.3,258.57
41.321,1375.8,258.72
41.348,1376.3,258.86
41.375,1376.8,259.01
41.401,1377.4,259.15
41.428,1377.9,259.29
41.455,1378.3,259.43
41.482,1378.8,259.57
41.508,1379.3,259.71
41.535,1379.8,259.84
41.562,1380.3,259.98
41.589,1380.7,260.11
41.615,1381.2,260.25
41.642,1381.7,260.38
41.669,1382.1,260.51
41.696,1382.6,260.64
41.722,1383,260.76
41.749,1383.5,260.89
41.776,1383.9,261.02
41.803,1384.3,261.14
41.829,1384.8,261.27
41.856,1385.2,261.39
41.883,1385.6,261.51
41.91,1386,261.63
41.936,1386.4,261.75
41.963,1386.8,261.87
41.99,1387.2,261.99
42,1387.4,262.03
42,1387.4,262.03
42.027,1387.8,262.15
42.054,1388.2,262.27
42.08,1388.6,262.38
42.107,1388.9,262.49
42.134,1389.3,262.61
42.161,1389.7,262.72
42.187,1390.1,262.83
42.214,1390.4,262.94
42.241,1390.8,263.05
42.268,1391.2,263.16
42.294,1391.5,263.27
42.321,1391.9,263.37
42.348,1392.2,263.48
42.375,1392.6,263.58
42.401,1392.9,263.69
42.428,1393.3,263.79
42.455,1393.6,263.89
42.482,1393.9,263.99
42.508,1394.3,264.1
42.535,1394.6,264.2
42.562,1394.9,264.29
42.589,1395.2,264.39
42.615,1395.6,264.49
42.642,1395.9,264.59
42.669,1396.2,264.68
42.696,1396.5,264.78
42.722,1396.8,264.87
42.749,1397.1,264.97
42.776,1397.4,265.06
42.803,1397.7,265.15
42.829,1398,265.24
42.856,1398.3,265.34
42.883,1398.6,265.43
42.91,1398.9,265.52
42.936,1399.2,265.6
42.963,1399.4,265.69
42.99,1399.7,265.78
43,1399.8,265.81
43,1399.8,265.81
43.027,1400.1,265.9
43.054,1400.4,265.99
43.08,1400.6,266.07
43.107,1400.9,266.16
43.134,1401.2,266.24
43.161,1401.4,266.32
43.187,1401.7,266.41
43.214,1402,266.49
43.241,1402.2,266.57
43.268,1402.5,266.65
43.294,1402.7,266.73
43.321,1403,266.81
43.348,1403.2,266.89
43.375,1403.5,266.97
43.401,1403.7,267.04
43.428,1403.9,267.12
43.455,1404.2,267.2
43.482,1404.4,267.27
43.508,1404.7,267.35
43.535,1404.9,267.42
43.562,1405.1,267.5
43.589,1405.3,267.57
43.615,1405.6,267.65
43.642,1405.8,267.72
43.669,1406,267.79
43.696,1406.2,267.86
43.722,1406.5,267.93
43.749,1406.7,268
43.776,1406.9,268.07
43.803,1407.1,268.14
43.829,1407.3,268.21
43.856,1407.5,268.28
43.883,1407.7,268.35
43.91,1407.9,268.41
43.936,1408.1,268.48
43.963,1408.3,268.55
43.99,1408.5,268.61
44,1408.6,268.64
44,1408.6,268.64
44.027,1408.8,268.7
44.054,1409,268.77
44.08,1409.2,268.83
44.107,1409.4,268.89
44.134,1409.6,268.96
44.161,1409.7,269.02
44.187,1409.9,269.08
44.214,1410.1,269.14
44.241,1410.3,269.21
44.268,1410.5,269.27
44.294,1410.7,269.33
44.321,1410.8,269.39
44.348,1411,269.45
44.375,1411.2,269.51
44.401,1411.4,269.56
44.428,1411.5,269.62
44.455,1411.7,269.68
44.482,1411.9,269.74
44.508,1412,269.79
44.535,1412.2,269.85
44.562,1412.4,269.91
44.589,1412.5,269.96
44.615,1412.7,270.02
44.642,1412.9,270.07
44.669,1413,270.13
44.696,1413.2,270.18
44.722,1413.3,270.23
44.749,1413.5,270.29
44.776,1413.6,270.34
44.803,1413.8,270.39
44.829,1413.9,270.44
44.856,1414.1,270.5
44.883,1414.2,270.55
44.91,1414.4,270.6
44.936,1414.5,270.65
44.963,1414.7,270.7
44.99,1414.8,270.75
45,1414.9,270.77
45,1414.9,270.77
45.027,1415,270.82
45.054,1415.2,270.86
45.08,1415.3,270.91
45.107,1415.4,270.96
45.134,1415.6,271.01
45.161,1415.7,271.06
45.187,1415.8,271.1
45.214,1416,271.15
45.241,1416.1,271.2
45.268,1416.2,271.24
45.294,1416.4,271.29
45.321,1416.5,271.33
45.348,1416.6,271.38
45.375,1416.7,271.42
45.401,1416.9,271.47
45.428,1417,271.51
45.455,1417.1,271.55
45.482,1417.2,271.6
45.508,1417.4,271.64
45.535,1417.5,271.68
45.562,1417.6,271.73
45.589,1417.7,271.77
45.615,1417.8,271.81
45.642,1417.9,271.85
45.669,1418.1,271.89
45.696,1418.2,271.93
45.722,1418.3,271.97
45.749,1418.4,272.01
45.776,1418.5,272.05
45.803,1418.6,272.09
45.829,1418.7,272.13
45.856,1418.8,272.17
45.883,1418.9,272.21
45.91,1419.1,272.25
45.936,1419.2,272.29
45.963,1419.3,272.33
45.99,1419.4,272.36
46,1419.4,272.38
46,1419.4,272.38
46.027,1419.5,272.41
46.054,1419.6,272.45
46.08,1419.7,272.49
46.107,1419.8,272.53
46.134,1419.9,272.56
46.161,1420,272.6
46.187,1420.1,272.64
46.214,1420.2,272.67
46.241,1420.3,272.71
46.268,1420.4,272.74
46.294,1420.5,272.78
46.321,1420.6,272.81
46.348,1420.7,272.85
46.375,1420.8,272.88
46.401,1420.9,272.91
46.428,1421,272.95
46.455,1421.1,272.98
46.482,1421.2,273.01
46.508,1421.2,273.05
46.535,1421.3,273.08
46.562,1421.4,273.11
46.589,1421.5,273.14
46.615,1421.6,273.18
46.642,1421.7,273.21
46.669,1421.8,273.24
46.696,1421.8,273.27
46.722,1421.9,273.3
46.749,1422,273.33
46.776,1422.1,273.36
46.803,1422.2,273.39
46.829,1422.2,273.42
46.856,1422.3,273.45
46.883,1422.4,273.48
46.91,1422.5,273.51
46.936,1422.6,273.54
46.963,1422.6,273.57
46.99,1422.7,273.6
47,1422.7,273.61
47,1422.7,273.61
47.027,1422.8,273.63
47.054,1422.9,273.66
47.08,1423,273.69
47.107,1423,273.72
47.134,1423.1,273.75
47.161,1423.2,273.77
47.187,1423.3,273.8
47.214,1423.3,273.83
47.241,1423.4,273.85
47.268,1423.5,273.88
47.294,1423.5,273.91
47.321,1423.6,273.93
47.348,1423.7,273.96
47.375,1423.7,273.98
47.401,1423.8,274.01
47.428,1423.9,274.04
47.455,1423.9,274.06
47.482,1424,274.09
47.508,1424.1,274.11
47.535,1424.1,274.13
47.562,1424.2,274.16
47.589,1424.3,274.18
47.615,1424.3,274.21
47.642,1424.4,274.23
47.669,1424.4,274.25
47.696,1424.5,274.28
47.722,1424.6,274.3
47.749,1424.6,274.32
47.776,1424.7,274.35
47.803,1424.7,274.37
47.829,1424.8,274.39
47.856,1424.8,274.41
47.883,1424.9,274.44
47.91,1425,274.46
47.936,1425,274.48
47.963,1425.1,274.5
47.99,1425.1,274.52
48,1425.1,274.53
48,1425.1,274.53
48.027,1425.2,274.55
48.054,1425.3,274.57
48.08,1425.3,274.59
48.107,1425.4,274.61
48.134,1425.4,274.63
48.161,1425.5,274.65
48.187,1425.5,274.67
48.214,1425.6,274.69
48.241,1425.6,274.71
48.268,1425.7,274.73
48.294,1425.7,274.75
48.321,1425.8,274.77
48.348,1425.8,274.79
48.375,1425.9,274.81
48.401,1425.9,274.83
48.428,1425.9,274.85
48.455,1426,274.87
48.482,1426,274.89
48.508,1426.1,274.9
48.535,1426.1,274.92
48.562,1426.2,274.94
48.589,1426.2,274.96
48.615,1426.3,274.98
48.642,1426.3,274.99
48.669,1426.4,275.01
48.696,1426.4,275.03
48.722,1426.4,275.05
48.749,1426.5,275.06
48.776,1426.5,275.08
48.803,1426.6,275.1
48.829,1426.6,275.11
48.856,1426.7,275.13
48.883,1426.7,275.15
48.91,1426.7,275.16
48.936,1426.8,275.18
48.963,1426.8,275.2
48.99,1426.9,275.21
49,1426.9,275.22
49,1426.9,275.22
49.027,1426.9,275.23
49.054,1426.9,275.25
49.08,1427,275.27
49.107,1427,275.28
49.134,1427.1,275.3
49.161,1427.1,275.31
49.187,1427.1,275.33
49.214,1427.2,275.34
49.241,1427.2,275.36
49.268,1427.2,275.37
49.294,1427.3,275.39
49.321,1427.3,275.4
49.348,1427.4,275.42
49.375,1427.4,275.43
49.401,1427.4,275.45
49.428,1427.5,275.46
49.455,1427.5,275.47
49.482,1427.5,275.49
49.508,1427.6,275.5
49.535,1427.6,275.52
49.562,1427.6,275.53
49.589,1427.7,275.54
49.615,1427.7,275.56
49.642,1427.7,275.57
49.669,1427.8,275.58
49.696,1427.8,275.6
49.722,1427.8,275.61
49.749,1427.9,275.62
49.776,1427.9,275.64
49.803,1427.9,275.65
49.829,1427.9,275.66
49.856,1428,275.67
49.883,1428,275.69
49.91,1428,275.7
49.936,1428.1,275.71
49.963,1428.1,275.72
49.99,1428.1,275.74
50,1428.1,275.74
50,1428.1,275.74
50.027,1428.2,275.75
50.054,1428.2,275.76
50.08,1428.2,275.78
50.107,1428.2,275.79
50.134,1428.3,275.8
50.161,1428.3,275.81
50.187,1428.3,275.82
50.214,1428.4,275.84
50.241,1428.4,275.85
50.268,1428.4,275.86
50.294,1428.4,275.87
50.321,1428.5,275.88
50.348,1428.5,275.89
50.375,1428.5,275.9
50.401,1428.5,275.91
50.428,1428.6,275.93
50.455,1428.6,275.94
50.482,1428.6,275.95
50.508,1428.6,275.96
50.535,1428.7,275.97
50.562,1428.7,275.98
50.589,1428.7,275.99
50.615,1428.7,276
50.642,1428.8,276.01
50.669,1428.8,276.02
50.696,1428.8,276.03
50.722,1428.8,276.04
50.749,1428.9,276.05
50.776,1428.9,276.06
50.803,1428.9,276.07
50.829,1428.9,276.08
50.856,1429,276.09
50.883,1429,276.1
50.91,1429,276.11
50.936,1429,276.12
50.963,1429,276.13
50.99,1429.1,276.13
51,1429.1,276.14
51,1429.1,276.14
51.027,1429.1,276.15
51.054,1429.1,276.16
51.08,1429.1,276.17
51.107,1429.2,276.17
51.134,1429.2,276.18
51.161,1429.2,276.19
51.187,1429.2,276.2
51.214,1429.2,276.21
51.241,1429.3,276.22
51.268,1429.3,276.23
51.294,1429.3,276.24
51.321,1429.3,276.24
51.348,1429.3,276.25
51.375,1429.4,276.26
51.401,1429.4,276.27
51.428,1429.4,276.28
51.455,1429.4,276.28
51.482,1429.4,276.29
51.508,1429.4,276.3
51.535,1429.5,276.31
51.562,1429.5,276.32
51.589,1429.5,276.32
51.615,1429.5,276.33
51.642,1429.5,276.34
51.669,1429.5,276.35
51.696,1429.6,276.35
51.722,1429.6,276.36
51.749,1429.6,276.37
51.776,1429.6,276.38
51.803,1429.6,276.38
51.829,1429.6,276.39
51.856,1429.7,276.4
51.883,1429.7,276.41
51.91,1429.7,276.41
51.936,1429.7,276.42
51.963,1429.7,276.43
51.99,1429.7,276.43
52,1429.7,276.44
52,1429.7,276.44
52.027,1429.8,276.44
52.054,1429.8,276.45
52.08,1429.8,276.46
52.107,1429.8,276.46
52.134,1429.8,276.47
52.161,1429.8,276.48
52.187,1429.9,276.48
52.214,1429.9,276.49
52.241,1429.9,276.49
52.268,1429.9,276.5
52.294,1429.9,276.51
52.321,1429.9,276.51
52.348,1429.9,276.52
52.375,1429.9,276.53
52.401,1430,276.53
52.428,1430,276.54
52.455,1430,276.54
52.482,1430,276.55
52.508,1430,276.56
52.535,1430,276.56
52.562,1430,276.57
52.589,1430.1,276.57
52.615,1430.1,276.58
52.642,1430.1,276.58
52.669,1430.1,276.59
52.696,1430.1,276.6
52.722,1430.1,276.6
52.749,1430.1,276.61
52.776,1430.1,276.61
52.803,1430.2,276.62
52.829,1430.2,276.62
52.856,1430.2,276.63
52.883,1430.2,276.63
52.91,1430.2,276.64
52.936,1430.2,276.64
52.963,1430.2,276.65
52.99,1430.2,276.66
53,1430.2,276.66
53,1430.2,276.66
53.027,1430.2,276.66
53.054,1430.3,276.67
53.08,1430.3,276.67
53.107,1430.3,276.68
53.134,1430.3,276.68
53.161,1430.3,276.69
53.187,1430.3,276.69
53.214,1430.3,276.7
53.241,1430.3,276.7
53.268,1430.3,276.71
53.294,1430.4,276.71
53.321,1430.4,276.72
53.348,1430.4,276.72
53.375,1430.4,276.73
53.401,1430.4,276.73
53.428,1430.4,276.73
53.455,1430.4,276.74
53.482,1430.4,276.74
53.508,1430.4,276.75
53.535,1430.4,276.75
53.562,1430.4,276.76
53.589,1430.5,276.76
53.615,1430.5,276.77
53.642,1430.5,276.77
53.669,1430.5,276.77
53.696,1430.5,276.78
53.722,1430.5,276.78
53.749,1430.5,276.79
53.776,1430.5,276.79
53.803,1430.5,276.8
53.829,1430.5,276.8
53.856,1430.5,276.8
53.883,1430.6,276.81
53.91,1430.6,276.81
53.936,1430.6,276.82
53.963,1430.6,276.82
53.99,1430.6,276.82
54,1430.6,276.82
54,1430.6,276.82
54.027,1430.6,276.83
54.054,1430.6,276.83
54.08,1430.6,276.84
54.107,1430.6,276.84
54.134,1430.6,276.84
54.161,1430.6,276.85
54.187,1430.6,276.85
54.214,1430.7,276.85
54.241,1430.7,276.86
54.268,1430.7,276.86
54.294,1430.7,276.86
54.321,1430.7,276.87
54.348,1430.7,276.87
54.375,1430.7,276.87
54.401,1430.7,276.88
54.428,1430.7,276.88
54.455,1430.7,276.88
54.482,1430.7,276.89
54.508,1430.7,276.89
54.535,1430.7,276.89
54.562,1430.7,276.9
54.589,1430.8,276.9
54.615,1430.8,276.9
54.642,1430.8,276.91
54.669,1430.8,276.91
54.696,1430.8,276.91
54.722,1430.8,276.92
54.749,1430.8,276.92
54.776,1430.8,276.92
54.803,1430.8,276.93
54.829,1430.8,276.93
54.856,1430.8,276.93
54.883,1430.8,276.94
54.91,1430.8,276.94
54.936,1430.8,276.94
54.963,1430.8,276.94
54.99,1430.8,276.95
55,1430.8,276.95
55,1430.8,276.95
55.027,1430.9,276.95
55.054,1430.9,276.95
55.08,1430.9,276.96
55.107,1430.9,276.96
55.134,1430.9,276.96
55.161,1430.9,276.97
55.187,1430.9,276.97
55.214,1430.9,276.97
55.241,1430.9,276.97
55.268,1430.9,276.98
55.294,1430.9,276.98
55.321,1430.9,276.98
55.348,1430.9,276.98
55.375,1430.9,276.99
55.401,1430.9,276.99
55.428,1430.9,276.99
55.455,1430.9,276.99
55.482,1430.9,277
55.508,1430.9,277
55.535,1431,277
55.562,1431,277
55.589,1431,277.01
55.615,1431,277.01
55.642,1431,277.01
55.669,1431,277.01
55.696,1431,277.02
55.722,1431,277.02
55.749,1431,277.02
55.776,1431,277.02
55.803,1431,277.03
55.829,1431,277.03
55.856,1431,277.03
55.883,1431,277.03
55.91,1431,277.03
55.936,1431,277.04
55.963,1431,277.04
55.99,1431,277.04
56,1431,277.04
56,1431,277.04
56.027,1431,277.04
56.054,1431,277.05
56.08,1431,277.05
56.107,1431.1,277.05
56.134,1431.1,277.05
56.161,1431.1,277.06
56.187,1431.1,277.06
56.214,1431.1,277.06
56.241,1431.1,277.06
56.268,1431.1,277.06
56.294,1431.1,277.07
56.321,1431.1,277.07
56.348,1431.1,277.07
56.375,1431.1,277.07
56.401,1431.1,277.07
56.428,1431.1,277.08
56.455,1431.1,277.08
56.482,1431.1,277.08
56.508,1431.1,277.08
56.535,1431.1,277.08
56.562,1431.1,277.09
56.589,1431.1,277.09
56.615,1431.1,277.09
56.642,1431.1,277.09
56.669,1431.1,277.09
56.696,1431.1,277.09
56.722,1431.1,277.1
56.749,1431.1,277.1
56.776,1431.1,277.1
56.803,1431.2,277.1
56.829,1431.2,277.1
56.856,1431.2,277.11
56.883,1431.2,277.11
56.91,1431.2,277.11
56.936,1431.2,277.11
56.963,1431.2,277.11
56.99,1431.2,277.11
57,1431.2,277.11
57,1431.2,277.12
57.027,1431.2,277.12
57.054,1431.2,277.12
57.08,1431.2,277.12
57.107,1431.2,277.12
57.134,1431.2,277.12
57.161,1431.2,277.12
57.187,1431.2,277.13
57.214,1431.2,277.13
57.241,1431.2,277.13
57.268,1431.2,277.13
57.294,1431.2,277.13
57.321,1431.2,277.13
57.348,1431.2,277.14
57.375,1431.2,277.14
57.401,1431.2,277.14
57.428,1431.2,277.14
57.455,1431.2,277.14
57.482,1431.2,277.14
57.508,1431.2,277.14
57.535,1431.2,277.15
57.562,1431.2,277.15
57.589,1431.2,277.15
57.615,1431.2,277.15
57.642,1431.2,277.15
57.669,1431.2,277.15
57.696,1431.3,277.16
57.722,1431.3,277.16
57.749,1431.3,277.16
57.776,1431.3,277.16
57.803,1431.3,277.16
57.829,1431.3,277.16
57.856,1431.3,277.16
57.883,1431.3,277.16
57.91,1431.3,277.17
57.936,1431.3,277.17
57.963,1431.3,277.17
57.99,1431.3,277.17
58,1431.3,277.17
58,1431.3,277.17
58.027,1431.3,277.17
58.054,1431.3,277.17
58.08,1431.3,277.17
58.107,1431.3,277.18
58.134,1431.3,277.18
58.161,1431.3,277.18
58.187,1431.3,277.18
58.214,1431.3,277.18
58.241,1431.3,277.18
58.268,1431.3,277.18
58.294,1431.3,277.18
58.321,1431.3,277.19
58.348,1431.3,277.19
58.375,1431.3,277.19
58.401,1431.3,277.19
58.428,1431.3,277.19
58.455,1431.3,277.19
58.482,1431.3,277.19
58.508,1431.3,277.19
58.535,1431.3,277.19
58.562,1431.3,277.2
58.589,1431.3,277.2
58.615,1431.3,277.2
58.642,1431.3,277.2
58.669,1431.3,277.2
58.696,1431.3,277.2
58.722,1431.3,277.2
58.749,1431.3,277.2
58.776,1431.3,277.2
58.803,1431.3,277.21
58.829,1431.3,277.21
58.856,1431.3,277.21
58.883,1431.4,277.21
58.91,1431.4,277.21
58.936,1431.4,277.21
58.963,1431.4,277.21
58.99,1431.4,277.21
59,1431.4,277.21
59,1431.4,277.21
59.027,1431.4,277.21
59.054,1431.4,277.21
59.08,1431.4,277.22
59.107,1431.4,277.22
59.134,1431.4,277.22
59.161,1431.4,277.22
59.187,1431.4,277.22
59.214,1431.4,277.22
59.241,1431.4,277.22
59.268,1431.4,277.22
59.294,1431.4,277.22
59.321,1431.4,277.22
59.348,1431.4,277.23
59.375,1431.4,277.23
59.401,1431.4,277.23
59.428,1431.4,277.23
59.455,1431.4,277.23
59.482,1431.4,277.23
59.508,1431.4,277.23
59.535,1431.4,277.23
59.562,1431.4,277.23
59.589,1431.4,277.23
59.615,1431.4,277.23
59.642,1431.4,277.23
59.669,1431.4,277.24
59.696,1431.4,277.24
59.722,1431.4,277.24
59.749,1431.4,277.24
59.776,1431.4,277.24
59.803,1431.4,277.24
59.829,1431.4,277.24
59.856,1431.4,277.24
59.883,1431.4,277.24
59.91,1431.4,277.24
59.936,1431.4,277.24
59.963,1431.4,277.24
59.99,1431.4,277.24
60,1431.4,277.24
60,1431.4,277.24
60.027,1431.4,277.24
60.054,1431.4,277.25
60.08,1431.4,277.25
60.107,1431.4,277.25
60.134,1431.4,277.25
60.161,1431.4,277.25
60.187,1431.4,277.25
60.214,1431.4,277.25
60.241,1431.4,277.25
60.268,1431.4,277.25
60.294,1431.4,277.25
60.321,1431.4,277.25
60.348,1431.4,277.25
60.375,1431.4,277.25
60.401,1431.4,277.25
60.428,1431.4,277.25
60.455,1431.4,277.26
60.482,1431.4,277.26
60.508,1431.4,277.26
60.535,1431.4,277.26
60.562,1431.4,277.26
60.589,1431.4,277.26
60.615,1431.4,277.26
60.642,1431.4,277.26
60.669,1431.4,277.26
60.696,1431.4,277.26
60.722,1431.5,277.26
60.749,1431.5,277.26
60.776,1431.5,277.26
60.803,1431.5,277.26
60.829,1431.5,277.26
60.856,1431.5,277.26
60.883,1431.5,277.26
60.91,1431.5,277.27
60.936,1431.5,277.27
60.963,1431.5,277.27
60.99,1431.5,277.27
61,1431.5,277.27
61,1431.5,277.27
61.027,1431.5,277.27
61.054,1431.5,277.27
61.08,1431.5,277.27
61.107,1431.5,277.27
61.134,1431.5,277.27
61.161,1431.5,277.27
61.187,1431.5,277.27
61.214,1431.5,277.27
61.241,1431.5,277.27
61.268,1431.5,277.27
61.294,1431.5,277.27
61.321,1431.5,277.27
61.348,1431.5,277.27
61.375,1431.5,277.28
61.401,1431.5,277.28
61.428,1431.5,277.28
61.455,1431.5,277.28
61.482,1431.5,277.28
61.508,1431.5,277.28
61.535,1431.5,277.28
61.562,1431.5,277.28
61.589,1431.5,277.28
61.615,1431.5,277.28
61.642,1431.5,277.28
61.669,1431.5,277.28
61.696,1431.5,277.28
61.722,1431.5,277.28
61.749,1431.5,277.28
61.776,1431.5,277.28
61.803,1431.5,277.28
61.829,1431.5,277.28
61.856,1431.5,277.28
61.883,1431.5,277.28
61.91,1431.5,277.28
61.936,1431.5,277.28
61.963,1431.5,277.29
61.99,1431.5,277.29
62,1431.5,277.29
62,1431.5,277.29
62.027,1431.5,277.29
62.054,1431.5,277.29
62.08,1431.5,277.29
62.107,1431.5,277.29
62.134,1431.5,277.29
62.161,1431.5,277.29
62.187,1431.5,277.29
62.214,1431.5,277.29
62.241,1431.5,277.29
62.268,1431.5,277.29
62.294,1431.5,277.29
62.321,1431.5,277.29
62.348,1431.5,277.29
62.375,1431.5,277.29
62.401,1431.5,277.29
62.428,1431.5,277.29
62.455,1431.5,277.29
62.482,1431.5,277.29
62.508,1431.5,277.29
62.535,1431.5,277.29
62.562,1431.5,277.29
62.589,1431.5,277.29
62.615,1431.5,277.3
62.642,1431.5,277.3
62.669,1431.5,277.3
62.696,1431.5,277.3
62.722,1431.5,277.3
62.749,1431.5,277.3
62.776,1431.5,277.3
62.803,1431.5,277.3
62.829,1431.5,277.3
62.856,1431.5,277.3
62.883,1431.5,277.3
62.91,1431.5,277.3
62.936,1431.5,277.3
62.963,1431.5,277.3
62.99,1431.5,277.3
63,1431.5,277.3
63,1431.5,277.3
63.027,1431.5,277.3
63.054,1431.5,277.3
63.08,1431.5,277.3
63.107,1431.5,277.3
63.134,1431.5,277.3
63.161,1431.5,277.3
63.187,1431.5,277.3
63.214,1431.5,277.3
63.241,1431.5,277.3
63.268,1431.5,277.3
63.294,1431.5,277.3
63.321,1431.5,277.3
63.348,1431.5,277.3
63.375,1431.5,277.3
63.401,1431.5,277.3
63.428,1431.5,277.3
63.455,1431.5,277.3
63.482,1431.5,277.3
63.508,1431.5,277.3
63.535,1431.5,277.3
63.562,1431.5,277.3
63.589,1431.5,277.31
63.615,1431.5,277.31
63.642,1431.5,277.31
63.669,1431.5,277.31
63.696,1431.5,277.31
63.722,1431.5,277.31
63.749,1431.5,277.31
63.776,1431.5,277.31
63.803,1431.5,277.31
63.829,1431.5,277.31
63.856,1431.5,277.31
63.883,1431.5,277.31
63.91,1431.5,277.31
63.936,1431.5,277.31
63.963,1431.5,277.31
63.99,1431.5,277.31
64,1431.5,277.31
64,1431.5,277.31
64.027,1431.5,277.31
64.054,1431.5,277.31
64.08,1431.5,277.31
64.107,1431.5,277.31
64.134,1431.5,277.31
64.161,1431.5,277.31
64.187,1431.5,277.31
64.214,1431.5,277.31
64.241,1431.5,277.31
64.268,1431.5,277.31
64.294,1431.5,277.31
64.321,1431.5,277.31
64.348,1431.5,277.31
64.375,1431.5,277.31
64.401,1431.5,277.31
64.428,1431.5,277.31
64.455,1431.5,277.31
64.482,1431.5,277.31
64.508,1431.5,277.31
64.535,1431.5,277.31
64.562,1431.5,277.31
64.589,1431.5,277.31
64.615,1431.5,277.31
64.642,1431.5,277.31
64.669,1431.5,277.31
64.696,1431.5,277.31
64.722,1431.5,277.31
64.749,1431.5,277.31
64.776,1431.5,277.31
64.803,1431.5,277.31
64.829,1431.5,277.31
64.856,1431.5,277.32
64.883,1431.5,277.32
64.91,1431.5,277.32
64.936,1431.5,277.32
64.963,1431.5,277.32
64.99,1431.5,277.32
65,1431.5,277.32
65,1431.5,277.32
65.027,1431.5,277.32
65.054,1431.5,277.32
65.08,1431.5,277.32
65.107,1431.5,277.32
65.134,1431.5,277.32
65.161,1431.5,277.32
65.187,1431.5,277.32
65.214,1431.5,277.32
65.241,1431.5,277.32
65.268,1431.5,277.32
65.294,1431.5,277.32
65.321,1431.5,277.32
65.348,1431.5,277.32
65.375,1431.5,277.32
65.401,1431.5,277.32
65.428,1431.5,277.32
65.455,1431.5,277.32
65.482,1431.5,277.32
65.508,1431.5,277.32
65.535,1431.5,277.32
65.562,1431.5,277.32
65.589,1431.5,277.32
65.615,1431.5,277.32
65.642,1431.5,277.32
65.669,1431.6,277.32
65.696,1431.6,277.32
65.722,1431.6,277.32
65.749,1431.6,277.32
65.776,1431.6,277.32
65.803,1431.6,277.32
65.829,1431.6,277.32
65.856,1431.6,277.32
65.883,1431.6,277.32
65.91,1431.6,277.32
65.936,1431.6,277.32
65.963,1431.6,277.32
65.99,1431.6,277.32
66,1431.6,277.32
66,1431.6,277.32
66.027,1431.6,277.32
66.054,1431.6,277.32
66.08,1431.6,277.32
66.107,1431.6,277.32
66.134,1431.6,277.32
66.161,1431.6,277.32
66.187,1431.6,277.32
66.214,1431.6,277.32
66.241,1431.6,277.32
66.268,1431.6,277.32
66.294,1431.6,277.32
66.321,1431.6,277.32
66.348,1431.6,277.32
66.375,1431.6,277.32
66.401,1431.6,277.32
66.428,1431.6,277.32
66.455,1431.6,277.32
66.482,1431.6,277.32
66.508,1431.6,277.32
66.535,1431.6,277.32
66.562,1431.6,277.32
66.589,1431.6,277.32
66.615,1431.6,277.32
66.642,1431.6,277.32
66.669,1431.6,277.32
66.696,1431.6,277.32
66.722,1431.6,277.32
66.749,1431.6,277.32
66.776,1431.6,277.32
66.803,1431.6,277.32
66.829,1431.6,277.32
66.856,1431.6,277.32
66.883,1431.6,277.32
66.91,1431.6,277.32
66.936,1431.6,277.32
66.963,1431.6,277.32
66.99,1431.6,277.32
67,1431.6,277.32
67,1431.6,277.33
67.027,1431.6,277.33
67.054,1431.6,277.33
67.08,1431.6,277.33
67.107,1431.6,277.33
67.134,1431.6,277.33
67.161,1431.6,277.33
67.187,1431.6,277.33
67.214,1431.6,277.33
67.241,1431.6,277.33
67.268,1431.6,277.33
67.294,1431.6,277.33
67.321,1431.6,277.33
67.348,1431.6,277.33
67.375,1431.6,277.33
67.401,1431.6,277.33
67.428,1431.6,277.33
67.455,1431.6,277.33
67.482,1431.6,277.33
67.508,1431.6,277.33
67.535,1431.6,277.33
67.562,1431.6,277.33
67.589,1431.6,277.33
67.615,1431.6,277.33
67.642,1431.6,277.33
67.669,1431.6,277.33
67.696,1431.6,277.33
67.722,1431.6,277.33
67.749,1431.6,277.33
67.776,1431.6,277.33
67.803,1431.6,277.33
67.829,1431.6,277.33
67.856,1431.6,277.33
67.883,1431.6,277.33
67.91,1431.6,277.33
67.936,1431.6,277.33
67.963,1431.6,277.33
67.99,1431.6,277.33
68,1431.6,277.33
68,1431.6,277.33
68.027,1431.6,277.33
68.054,1431.6,277.33
68.08,1431.6,277.33
68.107,1431.6,277.33
68.134,1431.6,277.33
68.161,1431.6,277.33
68.187,1431.6,277.33
68.214,1431.6,277.33
68.241,1431.6,277.33
68.268,1431.6,277.33
68.294,1431.6,277.33
68.321,1431.6,277.33
68.348,1431.6,277.33
68.375,1431.6,277.33
68.401,1431.6,277.33
68.428,1431.6,277.33
68.455,1431.6,277.33
68.482,1431.6,277.33
68.508,1431.6,277.33
68.535,1431.6,277.33
68.562,1431.6,277.33
68.589,1431.6,277.33
68.615,1431.6,277.33
68.642,1431.6,277.33
68.669,1431.6,277.33
68.696,1431.6,277.33
68.722,1431.6,277.33
68.749,1431.6,277.33
68.776,1431.6,277.33
68.803,1431.6,277.33
68.829,1431.6,277.33
68.856,1431.6,277.33
68.883,1431.6,277.33
68.91,1431.6,277.33
68.936,1431.6,277.33
68.963,1431.6,277.33
68.99,1431.6,277.33
69,1431.6,277.33
69,1431.6,277.33
69.027,1431.6,277.33
69.054,1431.6,277.33
69.08,1431.6,277.33
69.107,1431.6,277.33
69.134,1431.6,277.33
69.161,1431.6,277.33
69.187,1431.6,277.33
69.214,1431.6,277.33
69.241,1431.6,277.33
69.268,1431.6,277.33
69.294,1431.6,277.33
69.321,1431.6,277.33
69.348,1431.6,277.33
69.375,1431.6,277.33
69.401,1431.6,277.33
69.428,1431.6,277.33
69.455,1431.6,277.33
69.482,1431.6,277.33
69.508,1431.6,277.33
69.535,1431.6,277.33
69.562,1431.6,277.33
69.589,1431.6,277.33
69.615,1431.6,277.33
69.642,1431.6,277.33
69.669,1431.6,277.33
69.696,1431.6,277.33
69.722,1431.6,277.33
69.749,1431.6,277.33
69.776,1431.6,277.33
69.803,1431.6,277.33
69.829,1431.6,277.33
69.856,1431.6,277.33
69.883,1431.6,277.33
69.91,1431.6,277.33
69.936,1431.6,277.33
69.963,1431.6,277.33
69.99,1431.6,277.33
70,1431.6,277.33
70,1431.6,277.33
70.027,1431.6,277.33
70.054,1431.6,277.33
70.08,1431.6,277.33
70.107,1431.6,277.33
70.134,1431.6,277.33
70.161,1431.6,277.33
70.187,1431.6,277.33
70.214,1431.6,277.33
70.241,1431.6,277.33
70.268,1431.6,277.33
70.294,1431.6,277.33
70.321,1431.6,277.33
70.348,1431.6,277.34
70.375,1431.6,277.34
70.401,1431.6,277.34
70.428,1431.6,277.34
70.455,1431.6,277.34
70.482,1431.6,277.34
70.508,1431.6,277.34
70.535,1431.6,277.34
70.562,1431.6,277.34
70.589,1431.6,277.34
70.615,1431.6,277.34
70.642,1431.6,277.34
70.669,1431.6,277.34
70.696,1431.6,277.34
70.722,1431.6,277.34
70.749,1431.6,277.34
70.776,1431.6,277.34
70.803,1431.6,277.34
70.829,1431.6,277.34
70.856,1431.6,277.34
70.883,1431.6,277.34
70.91,1431.6,277.34
70.936,1431.6,277.34
70.963,1431.6,277.34
70.99,1431.6,277.34
71,1431.6,277.34
71,1431.6,277.34
71.027,1431.6,277.34
71.054,1431.6,277.34
71.08,1431.6,277.34
71.107,1431.6,277.34
71.134,1431.6,277.34
71.161,1431.6,277.34
71.187,1431.6,277.34
71.214,1431.6,277.34
71.241,1431.6,277.34
71.268,1431.6,277.34
71.294,1431.6,277.34
71.321,1431.6,277.34
71.348,1431.6,277.34
71.375,1431.6,277.34
71.401,1431.6,277.34
71.428,1431.6,277.34
71.455,1431.6,277.34
71.482,1431.6,277.34
71.508,1431.6,277.34
71.535,1431.6,277.34
71.562,1431.6,277.34
71.589,1431.6,277.34
71.615,1431.6,277.34
71.642,1431.6,277.34
71.669,1431.6,277.34
71.696,1431.6,277.34
71.722,1431.6,277.34
71.749,1431.6,277.34
71.776,1431.6,277.34
71.803,1431.6,277.34
71.829,1431.6,277.34
71.856,1431.6,277.34
71.883,1431.6,277.34
71.91,1431.6,277.34
71.936,1431.6,277.34
71.963,1431.6,277.34
71.99,1431.6,277.34
72,1431.6,277.34
72,1431.6,277.34
72.027,1431.6,277.34
72.054,1431.6,277.34
72.08,1431.6,277.34
72.107,1431.6,277.34
72.134,1431.6,277.34
72.161,1431.6,277.34
72.187,1431.6,277.34
72.214,1431.6,277.34
72.241,1431.6,277.34
72.268,1431.6,277.34
72.294,1431.6,277.34
72.321,1431.6,277.34
72.348,1431.6,277.34
72.375,1431.6,277.34
72.401,1431.6,277.34
72.428,1431.6,277.34
72.455,1431.6,277.34
72.482,1431.6,277.34
72.508,1431.6,277.34
72.535,1431.6,277.34
72.562,1431.6,277.34
72.589,1431.6,277.34
72.615,1431.6,277.34
72.642,1431.6,277.34
72.669,1431.6,277.34
72.696,1431.6,277.34
72.722,1431.6,277.34
72.749,1431.6,277.34
72.776,1431.6,277.34
72.803,1431.6,277.34
72.829,1431.6,277.34
72.856,1431.6,277.34
72.883,1431.6,277.34
72.91,1431.6,277.34
72.936,1431.6,277.34
72.963,1431.6,277.34
72.99,1431.6,277.34
73,1431.6,277.34
73,1431.6,277.34
73.027,1431.6,277.34
73.054,1431.6,277.34
73.08,1431.6,277.34
73.107,1431.6,277.34
73.134,1431.6,277.34
73.161,1431.6,277.34
73.187,1431.6,277.34
73.214,1431.6,277.34
73.241,1431.6,277.34
73.268,1431.6,277.34
73.294,1431.6,277.34
73.321,1431.6,277.34
73.348,1431.6,277.34
73.375,1431.6,277.34
73.401,1431.6,277.34
73.428,1431.6,277.34
73.455,1431.6,277.34
73.482,1431.6,277.34
73.508,1431.6,277.34
73.535,1431.6,277.34
73.562,1431.6,277.34
73.589,1431.6,277.34
73.615,1431.6,277.34
73.642,1431.6,277.34
73.669,1431.6,277.34
73.696,1431.6,277.34
73.722,1431.6,277.34
73.749,1431.6,277.34
73.776,1431.6,277.34
73.803,1431.6,277.34
73.829,1431.6,277.34
73.856,1431.6,277.34
73.883,1431.6,277.34
73.91,1431.6,277.34
73.936,1431.6,277.34
73.963,1431.6,277.34
73.99,1431.6,277.34
74,1431.6,277.34
74,1431.6,277.34
74.027,1431.6,277.34
74.054,1431.6,277.34
74.08,1431.6,277.34
74.107,1431.6,277.34
74.134,1431.6,277.34
74.161,1431.6,277.34
74.187,1431.6,277.34
74.214,1431.6,277.34
74.241,1431.6,277.34
74.268,1431.6,277.34
74.294,1431.6,277.34
74.321,1431.6,277.34
74.348,1431.6,277.34
74.375,1431.6,277.34
74.401,1431.6,277.34
74.428,1431.6,277.34
74.455,1431.6,277.34
74.482,1431.6,277.34
74.508,1431.6,277.34
74.535,1431.6,277.34
74.562,1431.6,277.34
74.589,1431.6,277.34
74.615,1431.6,277.34
74.642,1431.6,277.34
74.669,1431.6,277.34
74.696,1431.6,277.34
74.722,1431.6,277.34
74.749,1431.6,277.34
74.776,1431.6,277.34
74.803,1431.6,277.34
74.829,1431.6,277.34
74.856,1431.6,277.34
74.883,1431.6,277.34
74.91,1431.6,277.34
74.936,1431.6,277.34
74.963,1431.6,277.34
74.99,1431.6,277.34
75,1431.6,277.34
75,1431.6,277.34
75.027,1431.6,277.34
75.054,1431.6,277.34
75.08,1431.6,277.34
75.107,1431.6,277.34
75.134,1431.6,277.34
75.161,1431.6,277.34
75.187,1431.6,277.34
75.214,1431.6,277.34
75.241,1431.6,277.34
75.268,1431.6,277.34
75.294,1431.6,277.34
75.321,1431.6,277.34
75.348,1431.6,277.34
75.375,1431.6,277.34
75.401,1431.6,277.34
75.428,1431.6,277.34
75.455,1431.6,277.34
75.482,1431.6,277.34
75.508,1431.6,277.34
75.535,1431.6,277.34
75.562,1431.6,277.34
75.589,1431.6,277.34
75.615,1431.6,277.34
75.642,1431.6,277.34
75.669,1431.6,277.34
75.696,1431.6,277.34
75.722,1431.6,277.34
75.749,1431.6,277.34
75.776,1431.6,277.34
75.803,1431.6,277.34
75.829,1431.6,277.34
75.856,1431.6,277.34
75.883,1431.6,277.34
75.91,1431.6,277.34
75.936,1431.6,277.34
75.963,1431.6,277.34
75.99,1431.6,277.34
76,1431.6,277.34
76,1431.6,277.34
76.027,1431.6,277.34
76.054,1431.6,277.34
76.08,1431.6,277.34
76.107,1431.6,277.34
76.134,1431.6,277.34
76.161,1431.6,277.34
76.187,1431.6,277.34
76.214,1431.6,277.34
76.241,1431.6,277.34
76.268,1431.6,277.34
76.294,1431.6,277.34
76.321,1431.6,277.34
76.348,1431.6,277.34
76.375,1431.6,277.34
76.401,1431.6,277.34
76.428,1431.6,277.34
76.455,1431.6,277.34
76.482,1431.6,277.34
76.508,1431.6,277.34
76.535,1431.6,277.34
76.562,1431.6,277.34
76.589,1431.6,277.34
76.615,1431.6,277.34
76.642,1431.6,277.34
76.669,1431.6,277.34
76.696,1431.6,277.34
76.722,1431.6,277.34
76.749,1431.6,277.34
76.776,1431.6,277.34
76.803,1431.6,277.34
76.829,1431.6,277.34
76.856,1431.6,277.34
76.883,1431.6,277.34
76.91,1431.6,277.34
76.936,1431.6,277.34
76.963,1431.6,277.34
76.99,1431.6,277.34
77,1431.6,277.34
77,1431.6,277.34
77.027,1431.6,277.34
77.054,1431.6,277.34
77.08,1431.6,277.34
77.107,1431.6,277.34
77.134,1431.6,277.34
77.161,1431.6,277.34
77.187,1431.6,277.34
77.214,1431.6,277.34
77.241,1431.6,277.34
77.268,1431.6,277.34
77.294,1431.6,277.34
77.321,1431.6,277.34
77.348,1431.6,277.34
77.375,1431.6,277.34
77.401,1431.6,277.34
77.428,1431.6,277.34
77.455,1431.6,277.34
77.482,1431.6,277.34
77.508,1431.6,277.34
77.535,1431.6,277.34
77.562,1431.6,277.34
77.589,1431.6,277.34
77.615,1431.6,277.34
77.642,1431.6,277.34
77.669,1431.6,277.34
77.696,1431.6,277.34
77.722,1431.6,277.34
77.749,1431.6,277.34
77.776,1431.6,277.34
77.803,1431.6,277.34
77.829,1431.6,277.34
77.856,1431.6,277.34
77.883,1431.6,277.34
77.91,1431.6,277.34
77.936,1431.6,277.34
77.963,1431.6,277.34
77.99,1431.6,277.34
78,1431.6,277.34
78,1431.6,277.34
78.027,1431.6,277.34
78.054,1431.6,277.34
78.08,1431.6,277.34
78.107,1431.6,277.34
78.134,1431.6,277.34
78.161,1431.6,277.34
78.187,1431.6,277.34
78.214,1431.6,277.34
78.241,1431.6,277.34
78.268,1431.6,277.34
78.294,1431.6,277.34
78.321,1431.6,277.34
78.348,1431.6,277.34
78.375,1431.6,277.34
78.401,1431.6,277.34
78.428,1431.6,277.34
78.455,1431.6,277.34
78.482,1431.6,277.34
78.508,1431.6,277.34
78.535,1431.6,277.34
78.562,1431.6,277.34
78.589,1431.6,277.34
78.615,1431.6,277.34
78.642,1431.6,277.34
78.669,1431.6,277.34
78.696,1431.6,277.34
78.722,1431.6,277.34
78.749,1431.6,277.34
78.776,1431.6,277.34
78.803,1431.6,277.34
78.829,1431.6,277.34
78.856,1431.6,277.34
78.883,1431.6,277.34
78.91,1431.6,277.34
78.936,1431.6,277.34
78.963,1431.6,277.34
78.99,1431.6,277.34
79,1431.6,277.34
79,1431.6,277.34
79.027,1431.6,277.34
79.054,1431.6,277.34
79.08,1431.6,277.34
79.107,1431.6,277.34
79.134,1431.6,277.34
79.161,1431.6,277.34
79.187,1431.6,277.34
79.214,1431.6,277.34
79.241,1431.6,277.34
79.268,1431.6,277.34
79.294,1431.6,277.34
79.321,1431.6,277.34
79.348,1431.6,277.34
79.375,1431.6,277.34
79.401,1431.6,277.34
79.428,1431.6,277.34
79.455,1431.6,277.34
79.482,1431.6,277.34
79.508,1431.6,277.34
79.535,1431.6,277.34
79.562,1431.6,277.34
79.589,1431.6,277.34
79.615,1431.6,277.34
79.642,1431.6,277.34
79.669,1431.6,277.34
79.696,1431.6,277.34
79.722,1431.6,277.34
79.749,1431.6,277.34
79.776,1431.6,277.34
79.803,1431.6,277.34
79.829,1431.6,277.34
79.856,1431.6,277.34
79.883,1431.6,277.34
79.91,1431.6,277.34
79.936,1431.6,277.34
79.963,1431.6,277.34
79.99,1431.6,277.34
80,1431.6,277.34
80,1431.6,277.34
80.027,1431.6,277.34
80.054,1431.6,277.34
80.08,1431.6,277.34
80.107,1431.6,277.34
80.134,1431.6,277.34
80.161,1431.6,277.34
80.187,1431.6,277.34
80.214,1431.6,277.34
80.241,1431.6,277.34
80.268,1431.6,277.34
80.294,1431.6,277.34
80.321,1431.6,277.34
80.348,1431.6,277.34
80.375,1431.6,277.34
80.401,1431.6,277.34
80.428,1431.6,277.34
80.455,1431.6,277.34
80.482,1431.6,277.34
80.508,1431.6,277.34
80.535,1431.6,277.34
80.562,1431.6,277.34
80.589,1431.6,277.34
80.615,1431.6,277.34
80.642,1431.6,277.34
80.669,1431.6,277.34
80.696,1431.6,277.34
80.722,1431.6,277.34
80.749,1431.6,277.34
80.776,1431.6,277.34
80.803,1431.6,277.34
80.829,1431.6,277.34
80.856,1431.6,277.34
80.883,1431.6,277.34
80.91,1431.6,277.34
80.936,1431.6,277.34
80.963,1431.6,277.34
80.99,1431.6,277.34
81,1431.6,277.34
